"obj_id","ra","dec","filter","mjd","snr","instrument_id","instrument_name","ra_unc","dec_unc","origin","id","altdata","created_at","annotations","mag","magerr","magsys","limiting_mag","Delete"
"ZTF22aajijjf","220.41692","3.00674","atlaso","59584.615952","","72","ATLAS","","","None","214442826","","2022-05-12T22:40:44.125768","","","","ab","19.2",""
"ZTF22aajijjf","220.41692","3.00674","atlaso","59584.619172","","72","ATLAS","","","None","214442827","","2022-05-12T22:40:44.125840","","","","ab","19.2",""
"ZTF22aajijjf","220.41692","3.00674","atlaso","59584.624708","","72","ATLAS","","","None","214442828","","2022-05-12T22:40:44.125864","","","","ab","19.23",""
"ZTF22aajijjf","220.41692","3.00674","atlaso","59584.636677","","72","ATLAS","","","None","214442829","","2022-05-12T22:40:44.125884","","","","ab","19.27",""
"ZTF22aajijjf","220.41692","3.00674","atlasc","59586.621762","","72","ATLAS","","","None","214442830","","2022-05-12T22:40:44.125902","","","","ab","19.55",""
"ZTF22aajijjf","220.41692","3.00674","atlasc","59586.624971","","72","ATLAS","","","None","214442831","","2022-05-12T22:40:44.125921","","","","ab","19.53",""
"ZTF22aajijjf","220.41692","3.00674","atlasc","59586.631836","","72","ATLAS","","","None","214442832","","2022-05-12T22:40:44.125938","","","","ab","19.54",""
"ZTF22aajijjf","220.41692","3.00674","atlasc","59586.649869","","72","ATLAS","","","None","214442833","","2022-05-12T22:40:44.125956","","","","ab","19.55",""
"ZTF22aajijjf","220.41692","3.00674","atlaso","59588.610113","","72","ATLAS","","","None","214442834","","2022-05-12T22:40:44.125974","","","","ab","19.28",""
"ZTF22aajijjf","220.41692","3.00674","atlaso","59588.613336","","72","ATLAS","","","None","214442835","","2022-05-12T22:40:44.125991","","","","ab","19.3",""
"ZTF22aajijjf","220.41692","3.00674","atlaso","59588.619799","","72","ATLAS","","","None","214442836","","2022-05-12T22:40:44.126008","","","","ab","19.27",""
"ZTF22aajijjf","220.41692","3.00674","atlaso","59588.630395","","72","ATLAS","","","None","214442837","","2022-05-12T22:40:44.126025","","","","ab","19.22",""
"ZTF22aajijjf","220.41692","3.00674","atlaso","59592.637266","","72","ATLAS","","","None","214442838","","2022-05-12T22:40:44.126051","","","","ab","19.27",""
"ZTF22aajijjf","220.41692","3.00674","atlaso","59592.640036","","72","ATLAS","","","None","214442839","","2022-05-12T22:40:44.126067","","","","ab","19.2",""
"ZTF22aajijjf","220.41692","3.00674","atlaso","59592.656686","","72","ATLAS","","","None","214442840","","2022-05-12T22:40:44.126085","","","","ab","19.26",""
"ZTF22aajijjf","220.41692","3.00674","atlaso","59592.664848","","72","ATLAS","","","None","214442841","","2022-05-12T22:40:44.126103","","","","ab","19.02",""
"ZTF22aajijjf","220.41692","3.00674","atlaso","59596.589474","","72","ATLAS","","","None","214442842","","2022-05-12T22:40:44.126122","","","","ab","18.59",""
"ZTF22aajijjf","220.41692","3.00674","atlaso","59596.593193","","72","ATLAS","","","None","214442843","","2022-05-12T22:40:44.126139","","","","ab","18.61",""
"ZTF22aajijjf","220.41692","3.00674","atlaso","59596.599181","","72","ATLAS","","","None","214442844","","2022-05-12T22:40:44.126159","","","","ab","18.62",""
"ZTF22aajijjf","220.41692","3.00674","atlaso","59596.60934","","72","ATLAS","","","None","214442845","","2022-05-12T22:40:44.126176","","","","ab","18.67",""
"ZTF22aajijjf","220.41692","3.00674","atlaso","59600.621477","","72","ATLAS","","","None","214442846","","2022-05-12T22:40:44.126192","","","","ab","18.86",""
"ZTF22aajijjf","220.41692","3.00674","atlaso","59600.624703","","72","ATLAS","","","None","214442847","","2022-05-12T22:40:44.126211","","","","ab","18.81",""
"ZTF22aajijjf","220.41692","3.00674","atlaso","59600.640432","","72","ATLAS","","","None","214442848","","2022-05-12T22:40:44.126227","","","","ab","18.91",""
"ZTF22aajijjf","220.41692","3.00674","atlaso","59600.652012","","72","ATLAS","","","None","214442849","","2022-05-12T22:40:44.126242","","","","ab","18.75",""
"ZTF22aajijjf","220.41692","3.00674","atlaso","59604.579034","","72","ATLAS","","","None","214442850","","2022-05-12T22:40:44.126258","","","","ab","18.68",""
"ZTF22aajijjf","220.41692","3.00674","atlaso","59604.582258","","72","ATLAS","","","None","214442851","","2022-05-12T22:40:44.126275","","","","ab","18.71",""
"ZTF22aajijjf","220.41692","3.00674","atlaso","59604.587806","","72","ATLAS","","","None","214442852","","2022-05-12T22:40:44.126296","","","","ab","18.73",""
"ZTF22aajijjf","220.41692","3.00674","atlaso","59604.604955","","72","ATLAS","","","None","214442853","","2022-05-12T22:40:44.126312","","","","ab","18.7",""
"ZTF22aajijjf","220.41692","3.00674","atlaso","59607.662793","","72","ATLAS","","","None","214442854","","2022-05-12T22:40:44.126328","","","","ab","19.54",""
"ZTF22aajijjf","220.41692","3.00674","atlaso","59607.665564","","72","ATLAS","","","None","214442855","","2022-05-12T22:40:44.126344","","","","ab","19.46",""
"ZTF22aajijjf","220.41692","3.00674","atlaso","59607.667436","","72","ATLAS","","","None","214442856","","2022-05-12T22:40:44.126362","","","","ab","19.42",""
"ZTF22aajijjf","220.41692","3.00674","atlaso","59607.669776","","72","ATLAS","","","None","214442857","","2022-05-12T22:40:44.126379","","","","ab","19.23",""
"ZTF22aajijjf","220.41692","3.00674","atlaso","59618.634551","","72","ATLAS","","","None","214442858","","2022-05-12T22:40:44.126396","","","","ab","19.46",""
"ZTF22aajijjf","220.41692","3.00674","atlaso","59618.637315","","72","ATLAS","","","None","214442859","","2022-05-12T22:40:44.126429","","","","ab","19.46",""
"ZTF22aajijjf","220.41692","3.00674","atlaso","59618.6447","","72","ATLAS","","","None","214442860","","2022-05-12T22:40:44.126446","","","","ab","19.42",""
"ZTF22aajijjf","220.41692","3.00674","atlaso","59618.654649","","72","ATLAS","","","None","214442861","","2022-05-12T22:40:44.126462","","","","ab","19.45",""
"ZTF22aajijjf","220.41692","3.00674","atlaso","59622.628184","","72","ATLAS","","","None","214442862","","2022-05-12T22:40:44.126479","","","","ab","19.44",""
"ZTF22aajijjf","220.41692","3.00674","atlaso","59622.630025","","72","ATLAS","","","None","214442863","","2022-05-12T22:40:44.126496","","","","ab","19.45",""
"ZTF22aajijjf","220.41692","3.00674","atlaso","59622.632787","","72","ATLAS","","","None","214442864","","2022-05-12T22:40:44.126513","","","","ab","19.46",""
"ZTF22aajijjf","220.41692","3.00674","atlaso","59622.647555","","72","ATLAS","","","None","214442865","","2022-05-12T22:40:44.126528","","","","ab","19.44",""
"ZTF22aajijjf","220.41692","3.00674","atlaso","59624.660345","","72","ATLAS","","","None","214442866","","2022-05-12T22:40:44.126543","","","","ab","19.52",""
"ZTF22aajijjf","220.41692","3.00674","atlaso","59624.663561","","72","ATLAS","","","None","214442867","","2022-05-12T22:40:44.126607","","","","ab","19.51",""
"ZTF22aajijjf","220.41692","3.00674","atlaso","59624.66632","","72","ATLAS","","","None","214442868","","2022-05-12T22:40:44.126625","","","","ab","19.43",""
"ZTF22aajijjf","220.41692","3.00674","atlaso","59624.670626","","72","ATLAS","","","None","214442869","","2022-05-12T22:40:44.126643","","","","ab","19.09",""
"ZTF22aajijjf","220.41692","3.00674","atlaso","59628.591755","","72","ATLAS","","","None","214442870","","2022-05-12T22:40:44.126659","","","","ab","17.32",""
"ZTF22aajijjf","220.41692","3.00674","atlaso","59628.593583","","72","ATLAS","","","None","214442871","","2022-05-12T22:40:44.126674","","","","ab","17.86",""
"ZTF22aajijjf","220.41692","3.00674","atlaso","59628.599518","","72","ATLAS","","","None","214442872","","2022-05-12T22:40:44.126690","","","","ab","17.69",""
"ZTF22aajijjf","220.41692","3.00674","atlaso","59628.606381","","72","ATLAS","","","None","214442873","","2022-05-12T22:40:44.126706","","","","ab","18.7",""
"ZTF22aajijjf","220.41692","3.00674","atlaso","59636.581429","","72","ATLAS","","","None","214442874","","2022-05-12T22:40:44.126722","","","","ab","19.62",""
"ZTF22aajijjf","220.41692","3.00674","atlaso","59636.583715","","72","ATLAS","","","None","214442875","","2022-05-12T22:40:44.126739","","","","ab","19.62",""
"ZTF22aajijjf","220.41692","3.00674","atlaso","59636.586469","","72","ATLAS","","","None","214442876","","2022-05-12T22:40:44.126754","","","","ab","19.61",""
"ZTF22aajijjf","220.41692","3.00674","atlaso","59636.596574","","72","ATLAS","","","None","214442877","","2022-05-12T22:40:44.126770","","","","ab","19.61",""
"ZTF22aajijjf","220.41692","3.00674","atlaso","59638.561713","","72","ATLAS","","","None","214442878","","2022-05-12T22:40:44.126784","","","","ab","19.35",""
"ZTF22aajijjf","220.41692","3.00674","atlaso","59638.56399","","72","ATLAS","","","None","214442879","","2022-05-12T22:40:44.126800","","","","ab","19.37",""
"ZTF22aajijjf","220.41692","3.00674","atlaso","59638.567182","","72","ATLAS","","","None","214442880","","2022-05-12T22:40:44.126814","","","","ab","19.36",""
"ZTF22aajijjf","220.41692","3.00674","atlaso","59638.573561","","72","ATLAS","","","None","214442881","","2022-05-12T22:40:44.126832","","","","ab","19.39",""
"ZTF22aajijjf","220.41692","3.00674","atlaso","59642.559438","","72","ATLAS","","","None","214442882","","2022-05-12T22:40:44.126847","","","","ab","19.46",""
"ZTF22aajijjf","220.41692","3.00674","atlaso","59642.562625","","72","ATLAS","","","None","214442883","","2022-05-12T22:40:44.126862","","","","ab","19.5",""
"ZTF22aajijjf","220.41692","3.00674","atlaso","59642.568121","","72","ATLAS","","","None","214442884","","2022-05-12T22:40:44.126876","","","","ab","19.47",""
"ZTF22aajijjf","220.41692","3.00674","atlaso","59642.595567","","72","ATLAS","","","None","214442885","","2022-05-12T22:40:44.126891","","","","ab","19.49",""
"ZTF22aajijjf","220.41692","3.00674","atlasc","59644.628095","","72","ATLAS","","","None","214442886","","2022-05-12T22:40:44.126907","","","","ab","18.95",""
"ZTF22aajijjf","220.41692","3.00674","atlasc","59644.631094","","72","ATLAS","","","None","214442887","","2022-05-12T22:40:44.126922","","","","ab","18.96",""
"ZTF22aajijjf","220.41692","3.00674","atlasc","59644.6456","","72","ATLAS","","","None","214442888","","2022-05-12T22:40:44.126939","","","","ab","18.96",""
"ZTF22aajijjf","220.41692","3.00674","atlasc","59644.651159","","72","ATLAS","","","None","214442889","","2022-05-12T22:40:44.126953","","","","ab","18.92",""
"ZTF22aajijjf","220.41692","3.00674","atlaso","59646.618576","","72","ATLAS","","","None","214442890","","2022-05-12T22:40:44.126968","","","","ab","18.52",""
"ZTF22aajijjf","220.41692","3.00674","atlaso","59646.621766","","72","ATLAS","","","None","214442891","","2022-05-12T22:40:44.126983","","","","ab","17.17",""
"ZTF22aajijjf","220.41692","3.00674","atlaso","59646.628188","","72","ATLAS","","","None","214442892","","2022-05-12T22:40:44.126997","","","","ab","16.45",""
"ZTF22aajijjf","220.41692","3.00674","atlaso","59646.638604","","72","ATLAS","","","None","214442893","","2022-05-12T22:40:44.127012","","","","ab","19.16",""
"ZTF22aajijjf","220.41692","3.00674","atlasc","59648.559204","","72","ATLAS","","","None","214442894","","2022-05-12T22:40:44.127027","","","","ab","19.67",""
"ZTF22aajijjf","220.41692","3.00674","atlasc","59648.565754","","72","ATLAS","","","None","214442895","","2022-05-12T22:40:44.127048","","","","ab","19.65",""
"ZTF22aajijjf","220.41692","3.00674","atlasc","59648.5868","","72","ATLAS","","","None","214442896","","2022-05-12T22:40:44.127063","","","","ab","19.64",""
"ZTF22aajijjf","220.41692","3.00674","atlasc","59648.611736","","72","ATLAS","","","None","214442897","","2022-05-12T22:40:44.127079","","","","ab","19.66",""
"ZTF22aajijjf","220.41692","3.00674","atlaso","59650.590679","","72","ATLAS","","","None","214442898","","2022-05-12T22:40:44.127095","","","","ab","19.23",""
"ZTF22aajijjf","220.41692","3.00674","atlaso","59650.594137","","72","ATLAS","","","None","214442899","","2022-05-12T22:40:44.127110","","","","ab","19.35",""
"ZTF22aajijjf","220.41692","3.00674","atlaso","59650.624278","","72","ATLAS","","","None","214442900","","2022-05-12T22:40:44.127125","","","","ab","19.43",""
"ZTF22aajijjf","220.41692","3.00674","atlaso","59650.640394","","72","ATLAS","","","None","214442901","","2022-05-12T22:40:44.127139","","","","ab","19.4",""
"ZTF22aajijjf","220.41692","3.00674","atlaso","59654.532257","","72","ATLAS","","","None","214442902","","2022-05-12T22:40:44.127154","","","","ab","18.57",""
"ZTF22aajijjf","220.41692","3.00674","atlaso","59654.534079","","72","ATLAS","","","None","214442903","","2022-05-12T22:40:44.127169","","","","ab","18.59",""
"ZTF22aajijjf","220.41692","3.00674","atlaso","59654.537276","","72","ATLAS","","","None","214442904","","2022-05-12T22:40:44.127184","","","","ab","18.7",""
"ZTF22aajijjf","220.41692","3.00674","atlaso","59654.548982","","72","ATLAS","","","None","214442905","","2022-05-12T22:40:44.127198","","","","ab","18.75",""
"ZTF22aajijjf","220.41692","3.00674","atlaso","59656.4262","","72","ATLAS","","","None","214442906","","2022-05-12T22:40:44.127215","","","","ab","16.61",""
"ZTF22aajijjf","220.41692","3.00674","atlaso","59656.428027","","72","ATLAS","","","None","214442907","","2022-05-12T22:40:44.127229","","","","ab","16.89",""
"ZTF22aajijjf","220.41692","3.00674","atlaso","59656.432166","","72","ATLAS","","","None","214442908","","2022-05-12T22:40:44.127245","","","","ab","17.02",""
"ZTF22aajijjf","220.41692","3.00674","atlaso","59656.439038","","72","ATLAS","","","None","214442909","","2022-05-12T22:40:44.127259","","","","ab","17.63",""
"ZTF22aajijjf","220.41692","3.00674","atlaso","59660.566806","","72","ATLAS","","","None","214442910","","2022-05-12T22:40:44.127273","","","","ab","18.39",""
"ZTF22aajijjf","220.41692","3.00674","atlaso","59660.57101","","72","ATLAS","","","None","214442911","","2022-05-12T22:40:44.127288","","","","ab","18.34",""
"ZTF22aajijjf","220.41692","3.00674","atlaso","59660.576494","","72","ATLAS","","","None","214442912","","2022-05-12T22:40:44.127303","","","","ab","18.44",""
"ZTF22aajijjf","220.41692","3.00674","atlaso","59660.590238","","72","ATLAS","","","None","214442913","","2022-05-12T22:40:44.127317","","","","ab","18.03",""
"ZTF22aajijjf","220.41692","3.00674","atlaso","59666.574065","","72","ATLAS","","","None","214442914","","2022-05-12T22:40:44.127331","","","","ab","19.38",""
"ZTF22aajijjf","220.41692","3.00674","atlaso","59666.578294","","72","ATLAS","","","None","214442915","","2022-05-12T22:40:44.127346","","","","ab","19.32",""
"ZTF22aajijjf","220.41692","3.00674","atlaso","59666.583777","","72","ATLAS","","","None","214442916","","2022-05-12T22:40:44.127360","","","","ab","19.35",""
"ZTF22aajijjf","220.41692","3.00674","atlaso","59666.593835","","72","ATLAS","","","None","214442917","","2022-05-12T22:40:44.127377","","","","ab","19.33",""
"ZTF22aajijjf","220.41692","3.00674","atlaso","59666.59976","","72","ATLAS","","","None","214442918","","2022-05-12T22:40:44.127392","","","","ab","19.4",""
"ZTF22aajijjf","220.41692","3.00674","atlaso","59666.611274","","72","ATLAS","","","None","214442919","","2022-05-12T22:40:44.127420","","","","ab","19.28",""
"ZTF22aajijjf","220.41692","3.00674","atlaso","59666.626239","","72","ATLAS","","","None","214442920","","2022-05-12T22:40:44.127436","","","","ab","19.32",""
"ZTF22aajijjf","220.41692","3.00674","atlaso","59666.632647","","72","ATLAS","","","None","214442921","","2022-05-12T22:40:44.127451","","","","ab","19.34",""
"ZTF22aajijjf","220.41692","3.00674","atlasc","59668.596836","","72","ATLAS","","","None","214442922","","2022-05-12T22:40:44.127467","","","","ab","18.21",""
"ZTF22aajijjf","220.41692","3.00674","atlasc","59668.59775","","72","ATLAS","","","None","214442923","","2022-05-12T22:40:44.127482","","","","ab","19.14",""
"ZTF22aajijjf","220.41692","3.00674","atlasc","59668.600035","","72","ATLAS","","","None","214442924","","2022-05-12T22:40:44.127497","","","","ab","19.18",""
"ZTF22aajijjf","220.41692","3.00674","atlasc","59668.60095","","72","ATLAS","","","None","214442925","","2022-05-12T22:40:44.127511","","","","ab","19.2",""
"ZTF22aajijjf","220.41692","3.00674","atlaso","59670.475732","","72","ATLAS","","","None","214442926","","2022-05-12T22:40:44.127528","","","","ab","19.47",""
"ZTF22aajijjf","220.41692","3.00674","atlaso","59670.477555","","72","ATLAS","","","None","214442927","","2022-05-12T22:40:44.127545","","","","ab","19.39",""
"ZTF22aajijjf","220.41692","3.00674","atlaso","59670.480747","","72","ATLAS","","","None","214442928","","2022-05-12T22:40:44.127561","","","","ab","19.4",""
"ZTF22aajijjf","220.41692","3.00674","atlaso","59670.485774","","72","ATLAS","","","None","214442929","","2022-05-12T22:40:44.127576","","","","ab","19.46",""
"ZTF22aajijjf","220.41692","3.00674","atlaso","59670.487138","","72","ATLAS","","","None","214442930","","2022-05-12T22:40:44.127591","","","","ab","19.4",""
"ZTF22aajijjf","220.41692","3.00674","atlaso","59670.48896","","72","ATLAS","","","None","214442931","","2022-05-12T22:40:44.127606","","","","ab","19.44",""
"ZTF22aajijjf","220.41692","3.00674","atlaso","59670.492604","","72","ATLAS","","","None","214442932","","2022-05-12T22:40:44.127620","","","","ab","19.44",""
"ZTF22aajijjf","220.41692","3.00674","atlaso","59670.500825","","72","ATLAS","","","None","214442933","","2022-05-12T22:40:44.127635","","","","ab","19.44",""
"ZTF22aajijjf","220.41692","3.00674","atlasc","59676.52613","","72","ATLAS","","","None","214442934","","2022-05-12T22:40:44.127650","","","","ab","19.58",""
"ZTF22aajijjf","220.41692","3.00674","atlasc","59676.529344","","72","ATLAS","","","None","214442935","","2022-05-12T22:40:44.127665","","","","ab","19.6",""
"ZTF22aajijjf","220.41692","3.00674","atlasc","59676.5298","","72","ATLAS","","","None","214442936","","2022-05-12T22:40:44.127679","","","","ab","19.59",""
"ZTF22aajijjf","220.41692","3.00674","atlasc","59676.537112","","72","ATLAS","","","None","214442937","","2022-05-12T22:40:44.127694","","","","ab","19.6",""
"ZTF22aajijjf","220.41692","3.00674","atlasc","59676.539418","","72","ATLAS","","","None","214442938","","2022-05-12T22:40:44.127708","","","","ab","19.56",""
"ZTF22aajijjf","220.41692","3.00674","atlasc","59676.547211","","72","ATLAS","","","None","214442939","","2022-05-12T22:40:44.127723","","","","ab","19.55",""
"ZTF22aajijjf","","","ztfg","59677.31609949982","","1","ZTF","","","None","212882713","","2022-05-08T07:17:38.935014","","","","ab","20.009300231933594",""
"ZTF22aajijjf","","","ztfr","59677.397708300035","","1","ZTF","","","None","212882714","","2022-05-08T07:17:38.935078","","","","ab","20.065399169921875",""
"ZTF22aajijjf","","","ztfr","59677.397708300035","","1","ZTF","","","None","213957110","","2022-05-12T06:42:31.112104","","","","ab","20.065399169921875",""
"ZTF22aajijjf","","","ztfg","59679.31478009978","","1","ZTF","","","None","212882715","","2022-05-08T07:17:38.935095","","","","ab","20.189899444580078",""
"ZTF22aajijjf","","","ztfg","59679.31478009978","","1","ZTF","","","None","213957111","","2022-05-12T06:42:31.112175","","","","ab","20.189899444580078",""
"ZTF22aajijjf","","","ztfr","59679.35913190013","","1","ZTF","","","None","212882716","","2022-05-08T07:17:38.935109","","","","ab","20.362699508666992",""
"ZTF22aajijjf","","","ztfr","59679.35913190013","","1","ZTF","","","None","213957112","","2022-05-12T06:42:31.112196","","","","ab","20.362699508666992",""
"ZTF22aajijjf","220.41692","3.00674","atlasc","59680.433375","","72","ATLAS","","","None","214442940","","2022-05-12T22:40:44.127737","","","","ab","18.53",""
"ZTF22aajijjf","220.41692","3.00674","atlasc","59680.449038","","72","ATLAS","","","None","214442941","","2022-05-12T22:40:44.127752","","","","ab","18.57",""
"ZTF22aajijjf","220.41692","3.00674","atlasc","59680.468413","","72","ATLAS","","","None","214442942","","2022-05-12T22:40:44.127769","","","","ab","18.59",""
"ZTF22aajijjf","220.41692","3.00674","atlasc","59680.471611","","72","ATLAS","","","None","214442943","","2022-05-12T22:40:44.127783","","","","ab","18.7",""
"ZTF22aajijjf","220.41692","3.00674","atlasc","59680.47481","","72","ATLAS","","","None","214442944","","2022-05-12T22:40:44.127798","","","","ab","18.6",""
"ZTF22aajijjf","","","ztfi","59682.26336809993","","1","ZTF","","","None","213932518","","2022-05-12T05:55:44.150336","","","","ab","19.173200607299805",""
"ZTF22aajijjf","","","ztfi","59682.26336809993","","1","ZTF","","","None","213957113","","2022-05-12T06:42:31.112212","","","","ab","19.173200607299805",""
"ZTF22aajijjf","","","ztfr","59682.33759259991","","1","ZTF","","","None","212882717","","2022-05-08T07:17:38.935122","","","","ab","19.6387996673584",""
"ZTF22aajijjf","","","ztfr","59682.33759259991","","1","ZTF","","","None","213957114","","2022-05-12T06:42:31.112227","","","","ab","19.6387996673584",""
"ZTF22aajijjf","","","ztfg","59682.39490740001","","1","ZTF","","","None","212882718","","2022-05-08T07:17:38.935135","","","","ab","19.52039909362793",""
"ZTF22aajijjf","","","ztfg","59682.39490740001","","1","ZTF","","","None","213957115","","2022-05-12T06:42:31.112241","","","","ab","19.52039909362793",""
"ZTF22aajijjf","220.41692","3.00674","atlaso","59682.441925","","72","ATLAS","","","None","214442945","","2022-05-12T22:40:44.127817","","","","ab","18.9",""
"ZTF22aajijjf","220.41692","3.00674","atlaso","59682.446081","","72","ATLAS","","","None","214442946","","2022-05-12T22:40:44.127833","","","","ab","18.83",""
"ZTF22aajijjf","220.41692","3.00674","atlaso","59682.451106","","72","ATLAS","","","None","214442947","","2022-05-12T22:40:44.127849","","","","ab","18.86",""
"ZTF22aajijjf","220.41692","3.00674","atlaso","59682.464853","","72","ATLAS","","","None","214442948","","2022-05-12T22:40:44.127865","","","","ab","18.59",""
"ZTF22aajijjf","","","ztfg","59684.29966440005","","1","ZTF","","","None","212882719","","2022-05-08T07:17:38.935148","","","","ab","18.974899291992188",""
"ZTF22aajijjf","","","ztfg","59684.29966440005","","1","ZTF","","","None","213957116","","2022-05-12T06:42:31.112256","","","","ab","18.974899291992188",""
"ZTF22aajijjf","","","ztfr","59684.37880790001","","1","ZTF","","","None","212882720","","2022-05-08T07:17:38.935160","","","","ab","19.44260025024414",""
"ZTF22aajijjf","","","ztfr","59684.37880790001","","1","ZTF","","","None","213957117","","2022-05-12T06:42:31.112270","","","","ab","19.44260025024414",""
"ZTF22aajijjf","","","ztfi","59685.30006940011","","1","ZTF","","","None","213932519","","2022-05-12T05:55:44.150400","","","","ab","18.613500595092773",""
"ZTF22aajijjf","","","ztfi","59685.30006940011","","1","ZTF","","","None","213957118","","2022-05-12T06:42:31.112284","","","","ab","18.613500595092773",""
"ZTF22aajijjf","","","ztfr","59687.38856479991","","1","ZTF","","","None","212882721","","2022-05-08T07:17:38.935172","","","","ab","19.149700164794922",""
"ZTF22aajijjf","","","ztfr","59687.38856479991","","1","ZTF","","","None","213957119","","2022-05-12T06:42:31.112305","","","","ab","19.149700164794922",""
"ZTF22aajijjf","220.41692","3.00674","atlaso","59688.506983","","72","ATLAS","","","None","214442949","","2022-05-12T22:40:44.127879","","","","ab","18.37",""
"ZTF22aajijjf","220.41692","3.00674","atlaso","59688.510183","","72","ATLAS","","","None","214442950","","2022-05-12T22:40:44.127895","","","","ab","18.36",""
"ZTF22aajijjf","220.41692","3.00674","atlaso","59688.538347","","72","ATLAS","","","None","214442951","","2022-05-12T22:40:44.127910","","","","ab","18.36",""
"ZTF22aajijjf","220.41692","3.00674","atlaso","59688.546929","","72","ATLAS","","","None","214442952","","2022-05-12T22:40:44.127926","","","","ab","18.35",""
"ZTF22aajijjf","","","ztfi","59690.37703699991","","1","ZTF","","","None","213932520","","2022-05-12T05:55:44.150438","","","","ab","19.539600372314453",""
"ZTF22aajijjf","","","ztfi","59690.37703699991","","1","ZTF","","","None","213957120","","2022-05-12T06:42:31.112320","","","","ab","19.539600372314453",""
"ZTF22aajijjf","220.41692","3.00674","atlaso","59690.468757","","72","ATLAS","","","None","214442953","","2022-05-12T22:40:44.127940","","","","ab","19.06",""
"ZTF22aajijjf","220.41692","3.00674","atlaso","59690.502072","","72","ATLAS","","","None","214442954","","2022-05-12T22:40:44.127955","","","","ab","19.05",""
"ZTF22aajijjf","220.41692","3.00674","atlaso","59690.505905","","72","ATLAS","","","None","214442955","","2022-05-12T22:40:44.127971","","","","ab","19.05",""
"ZTF22aajijjf","220.41692","3.00674","atlaso","59690.513251","","72","ATLAS","","","None","214442956","","2022-05-12T22:40:44.127986","","","","ab","19.04",""
"ZTF22aajijjf","220.41692","3.00674","atlasc","59692.467634","","72","ATLAS","","","None","214442957","","2022-05-12T22:40:44.128002","","","","ab","19.14",""
"ZTF22aajijjf","220.41692","3.00674","atlasc","59692.470832","","72","ATLAS","","","None","214442958","","2022-05-12T22:40:44.128017","","","","ab","19.22",""
"ZTF22aajijjf","220.41692","3.00674","atlasc","59692.475871","","72","ATLAS","","","None","214442959","","2022-05-12T22:40:44.128037","","","","ab","18.71",""
"ZTF22aajijjf","220.41692","3.00674","atlasc","59692.479068","","72","ATLAS","","","None","214442960","","2022-05-12T22:40:44.128053","","","","ab","18.54",""
"ZTF22aajijjf","","","ztfg","59693.4198264","","1","ZTF","","","None","212882722","","2022-05-08T07:17:38.935185","","","","ab","20.136600494384766",""
"ZTF22aajijjf","","","ztfg","59693.4198264","","1","ZTF","","","None","213957121","","2022-05-12T06:42:31.112334","","","","ab","20.136600494384766",""
"ZTF22aajijjf","220.41692","3.00674","atlaso","59694.483664","","72","ATLAS","","","None","214442961","","2022-05-12T22:40:44.128069","","","","ab","19.27",""
"ZTF22aajijjf","220.41692","3.00674","atlaso","59694.487398","","72","ATLAS","","","None","214442962","","2022-05-12T22:40:44.128084","","","","ab","19.32",""
"ZTF22aajijjf","220.41692","3.00674","atlaso","59694.519283","","72","ATLAS","","","None","214442963","","2022-05-12T22:40:44.128099","","","","ab","19.29",""
"ZTF22aajijjf","220.41692","3.00674","atlaso","59694.526439","","72","ATLAS","","","None","214442964","","2022-05-12T22:40:44.128114","","","","ab","19.22",""
"ZTF22aajijjf","","","ztfi","59695.331412000116","","1","ZTF","","","None","213932521","","2022-05-12T05:55:44.150451","","","","ab","17.777799606323242",""
"ZTF22aajijjf","","","ztfi","59695.331412000116","","1","ZTF","","","None","213957122","","2022-05-12T06:42:31.112348","","","","ab","17.777799606323242",""
"ZTF22aajijjf","","","ztfg","59695.37030090019","","1","ZTF","","","None","212882723","","2022-05-08T07:17:38.935197","","","","ab","20.58180046081543",""
"ZTF22aajijjf","","","ztfg","59695.37030090019","","1","ZTF","","","None","213957123","","2022-05-12T06:42:31.112362","","","","ab","20.58180046081543",""
"ZTF22aajijjf","220.41692","3.00674","atlasc","59696.412865","","72","ATLAS","","","None","214442965","","2022-05-12T22:40:44.128129","","","","ab","19.53",""
"ZTF22aajijjf","220.41692","3.00674","atlasc","59696.414694","","72","ATLAS","","","None","214442966","","2022-05-12T22:40:44.128143","","","","ab","19.52",""
"ZTF22aajijjf","220.41692","3.00674","atlasc","59696.43759","","72","ATLAS","","","None","214442967","","2022-05-12T22:40:44.128157","","","","ab","19.54",""
"ZTF22aajijjf","220.41692","3.00674","atlasc","59696.44359","","72","ATLAS","","","None","214442968","","2022-05-12T22:40:44.128173","","","","ab","19.55",""
"ZTF22aajijjf","","","ztfg","59697.28560189996","","1","ZTF","","","None","212882724","","2022-05-08T07:17:38.935209","","","","ab","20.71969985961914",""
"ZTF22aajijjf","","","ztfg","59697.28560189996","","1","ZTF","","","None","213957124","","2022-05-12T06:42:31.112376","","","","ab","20.71969985961914",""
"ZTF22aajijjf","","","ztfr","59697.3577083","","1","ZTF","","","None","212882725","","2022-05-08T07:17:38.935253","","","","ab","20.503400802612305",""
"ZTF22aajijjf","","","ztfr","59697.3577083","","1","ZTF","","","None","213957125","","2022-05-12T06:42:31.112390","","","","ab","20.503400802612305",""
"ZTF22aajijjf","220.41692","3.00674","atlaso","59698.446429","","72","ATLAS","","","None","214442969","","2022-05-12T22:40:44.128188","","","","ab","17.72",""
"ZTF22aajijjf","220.41692","3.00674","atlaso","59698.480578","","72","ATLAS","","","None","214442970","","2022-05-12T22:40:44.128203","","","","ab","18.7",""
"ZTF22aajijjf","220.41692","3.00674","atlaso","59698.483798","","72","ATLAS","","","None","214442971","","2022-05-12T22:40:44.128219","","","","ab","18.76",""
"ZTF22aajijjf","220.41692","3.00674","atlaso","59698.48983","","72","ATLAS","","","None","214442972","","2022-05-12T22:40:44.128233","","","","ab","18.86",""
"ZTF22aajijjf","","","ztfr","59699.33585650008","","1","ZTF","","","None","212882726","","2022-05-08T07:17:38.935282","","","","ab","20.492599487304688",""
"ZTF22aajijjf","","","ztfr","59699.33585650008","","1","ZTF","","","None","213957126","","2022-05-12T06:42:31.112419","","","","ab","20.492599487304688",""
"ZTF22aajijjf","","","ztfi","59699.39929400012","","1","ZTF","","","None","213932522","","2022-05-12T05:55:44.150465","","","","ab","19.878000259399414",""
"ZTF22aajijjf","","","ztfi","59699.39929400012","","1","ZTF","","","None","213957127","","2022-05-12T06:42:31.112434","","","","ab","19.878000259399414",""
"ZTF22aajijjf","","","ztfg","59699.44194439985","","1","ZTF","","","None","212882727","","2022-05-08T07:17:38.935294","","","","ab","20.39929962158203",""
"ZTF22aajijjf","","","ztfg","59699.44194439985","","1","ZTF","","","None","213957128","","2022-05-12T06:42:31.112448","","","","ab","20.39929962158203",""
"ZTF22aajijjf","220.41692","3.00674","atlasc","59700.481618","","72","ATLAS","","","None","214442973","","2022-05-12T22:40:44.128247","","","","ab","19.11",""
"ZTF22aajijjf","220.41692","3.00674","atlasc","59700.485365","","72","ATLAS","","","None","214442974","","2022-05-12T22:40:44.128261","","","","ab","19.22",""
"ZTF22aajijjf","220.41692","3.00674","atlasc","59700.512071","","72","ATLAS","","","None","214442975","","2022-05-12T22:40:44.128277","","","","ab","19.48",""
"ZTF22aajijjf","220.41692","3.00674","atlasc","59700.53937","","72","ATLAS","","","None","214442976","","2022-05-12T22:40:44.128292","","","","ab","19.23",""
"ZTF22aajijjf","","","ztfg","59701.31643520016","","1","ZTF","","","None","212882728","","2022-05-08T07:17:38.935306","","","","ab","20.51129913330078",""
"ZTF22aajijjf","","","ztfg","59701.31643520016","","1","ZTF","","","None","213957129","","2022-05-12T06:42:31.112463","","","","ab","20.51129913330078",""
"ZTF22aajijjf","","","ztfg","59701.380034700036","","1","ZTF","","","None","212882729","","2022-05-08T07:17:38.935318","","","","ab","20.246999740600586",""
"ZTF22aajijjf","","","ztfg","59701.380034700036","","1","ZTF","","","None","213957130","","2022-05-12T06:42:31.112477","","","","ab","20.246999740600586",""
"ZTF22aajijjf","","","ztfr","59702.26668980019","","1","ZTF","","","None","213932523","","2022-05-12T05:55:44.150477","","","","ab","20.40730094909668",""
"ZTF22aajijjf","","","ztfr","59702.26668980019","","1","ZTF","","","None","213957131","","2022-05-12T06:42:31.112490","","","","ab","20.40730094909668",""
"ZTF22aajijjf","220.4169592","3.006711","ztfr","59707.297604199965","10.14109613505388","1","ZTF","","","None","212914698","","2022-05-08T08:19:59.622697","","19.102400083507504","0.10706300288438797","ab","19.870187322014026",""
"ZTF22aajijjf","220.4169592","3.006711","ztfr","59707.297604199965","10.14109613505388","1","ZTF","","","None","213957132","","2022-05-12T06:42:31.112504","","19.102399826049805","0.10706300288438797","ab","20.184799194335938",""
"ZTF22aajijjf","220.4169592","3.006711","ztfr","59707.297604199965","10.141074257621336","1","ZTF","","","None","212882730","","2022-05-08T07:17:38.935331","","19.10236405266454","0.10706323385238645","ab","19.870148948904912",""
"ZTF22aajijjf","220.4169787","3.0067057","ztfr","59707.34015050018","13.137666528489044","1","ZTF","","","None","213932465","","2022-05-12T05:55:43.934223","","19.104900808395133","0.08264300227165222","ab","20.153771382647356",""
"ZTF22aajijjf","220.4169787","3.0067057","ztfr","59707.34015050018","13.137654684394276","1","ZTF","","","None","212914699","","2022-05-08T08:19:59.622748","","19.104872197263994","0.08264307677745819","ab","20.153741792684226",""
"ZTF22aajijjf","220.4169787","3.0067057","ztfr","59707.34015050018","13.137654684394276","1","ZTF","","","None","213957133","","2022-05-12T06:42:31.112518","","19.10487174987793","0.08264307677745819","ab","20.492563247680664",""
"ZTF22aajijjf","220.416912","3.0067518","ztfr","59709.295347199775","15.34242918190466","1","ZTF","","","None","213957134","","2022-05-12T06:42:31.112533","","18.273027420043945","0.07076690346002579","ab","19.757946014404297",""
"ZTF22aajijjf","220.416912","3.0067518","ztfr","59709.295347199775","15.342408182991882","1","ZTF","","","None","213932524","","2022-05-12T05:55:44.150489","","18.27300087697278","0.07076700031757355","ab","19.490309698427858",""
"ZTF22aajijjf","220.4169242","3.0067595","ztfr","59709.34175929986","16.467515538897388","1","ZTF","","","None","213932466","","2022-05-12T05:55:43.934274","","18.200300467801515","0.065931998193264","ab","19.494445661756387",""
"ZTF22aajijjf","220.4169242","3.0067595","ztfr","59709.34175929986","16.467506234425674","1","ZTF","","","None","213957135","","2022-05-12T06:42:31.112547","","18.200300216674805","0.06593203544616699","ab","19.81917953491211",""
"ZTF22aajijjf","220.4169306","3.0067362","ztfr","59709.381458300166","21.52530207939432","1","ZTF","","","None","213932467","","2022-05-12T05:55:43.934291","","18.165500908583947","0.050439998507499695","ab","19.750449035049243",""
"ZTF22aajijjf","220.4169306","3.0067362","ztfr","59709.381458300166","21.525190796066056","1","ZTF","","","None","213957136","","2022-05-12T06:42:31.112562","","18.165477752685547","0.05044025927782059","ab","20.158554077148438",""
"ZTF22aajijjf","220.41692","3.00674","atlaso","59710.383491","7.592560872434471","72","ATLAS","","","None","214442977","","2022-05-12T22:40:44.128306","","17.789","0.143","ab","18.35",""
"ZTF22aajijjf","220.41692","3.00674","atlaso","59710.386711","","72","ATLAS","","","None","214442978","","2022-05-12T22:40:44.128320","","","","ab","18.29",""
"ZTF22aajijjf","220.41692","3.00674","atlaso","59710.393156","10.644472595667935","72","ATLAS","","","None","214442979","","2022-05-12T22:40:44.128335","","17.768","0.102","ab","18.59",""
"ZTF22aajijjf","220.41692","3.00674","atlaso","59710.406032","9.524001796123942","72","ATLAS","","","None","214442980","","2022-05-12T22:40:44.128349","","17.907","0.114","ab","18.76",""
"ZTF22aajijjf","220.4169186","3.006731","ztfg","59711.23641199991","18.293169856654142","1","ZTF","","","None","213990514","","2022-05-12T07:40:01.153286","","17.701500188398068","0.05935199931263923","ab","19.109797594881208",""
"ZTF22aajijjf","220.4169186","3.006731","ztfg","59711.23641199991","18.293121632804024","1","ZTF","","","None","213933802","","2022-05-12T05:56:15.170455","","17.701481181258572","0.05935215577483177","ab","19.10977572555602",""
"ZTF22aajijjf","220.4169186","3.006731","ztfg","59711.23641199991","18.293121632804024","1","ZTF","","","None","213957137","","2022-05-12T06:42:31.112575","","17.701480865478516","0.05935215577483177","ab","19.449552536010742",""
"ZTF22aajijjf","220.4169276","3.0067411","ztfr","59711.31228009984","17.23435409836049","1","ZTF","","","None","214038486","","2022-05-12T08:41:28.783090","","17.5289363861084","0.06299836933612822","ab","19.191194534301758",""
"ZTF22aajijjf","220.4169276","3.0067411","ztfr","59711.31228009984","17.23435409836049","1","ZTF","","","None","213990515","","2022-05-12T07:40:01.153339","","17.528936382556978","0.06299836933612823","ab","18.872498901089283",""
"ZTF22aajijjf","220.4169276","3.0067411","ztfr","59711.31228009984","17.23445601108054","1","ZTF","","","None","214041929","","2022-05-12T08:45:17.799585","","17.528900674454533","0.06299799680709839","ab","18.872469613303032",""
"ZTF22aajijjf","220.416921","3.0067363","ztfr","59711.35880789999","21.587787620973074","1","ZTF","","","None","214598699","","2022-05-13T07:02:21.450029","","17.501699444143252","0.05029400065541267","ab","19.089794775447768",""
"ZTF22aajijjf","220.416921","3.0067363","ztfr","59711.35880789999","21.587984301400454","1","ZTF","","","None","214041936","","2022-05-12T08:45:17.980243","","17.501692314835875","0.05029354244470595","ab","19.089797537940875",""
"ZTF22aajijjf","220.416921","3.0067363","ztfr","59711.35880789999","21.587984301400446","1","ZTF","","","None","215847629","","2022-05-15T08:39:31.824078","","17.501691818237305","0.05029354244470596","ab","19.42118263244629",""
"ZTF22aajijjf","220.4169027","3.0067598","ztfr","59714.33859949978","34.285140430803075","1","ZTF","","","None","215847630","","2022-05-15T08:39:31.824145","","16.88882064819336","0.03166783601045608","ab","19.020824432373047",""
"ZTF22aajijjf","220.4169027","3.0067598","ztfr","59714.33859949978","34.285140430803075","1","ZTF","","","None","215836293","","2022-05-15T08:17:48.081300","","16.888820629275404","0.03166783601045608","ab","18.97916045008759",""
"ZTF22aajijjf","220.4169027","3.0067598","ztfr","59714.33859949978","34.28496297177633","1","ZTF","","","None","216726475","","2022-05-18T05:47:02.639004","","16.888799839084847","0.03166799992322922","ab","18.97913404013913",""
"ZTF22aajijjf","","","uvot::uvw1","59716.4074","2.572225076422955","29","UVOT","","","None","235344336","[object Object]","2022-06-27T09:16:37.603172","","21.5504","0.4221","ab","21.3533",""
"ZTF22aajijjf","","","uvot::u","59716.4088","9.465877983941843","29","UVOT","","","None","235344337","[object Object]","2022-06-27T09:16:37.603200","","19.1086","0.11470000000000001","ab","20.6948",""
"ZTF22aajijjf","","","uvot::b","59716.4098","21.082256403070474","29","UVOT","","","None","235344338","[object Object]","2022-06-27T09:16:37.603221","","17.0807","0.0515","ab","19.8644",""
"ZTF22aajijjf","","","uvot::uvw2","59716.4122","2.9877165788611157","29","UVOT","","","None","235344339","[object Object]","2022-06-27T09:16:37.603241","","22.3203","0.36339999999999995","ab","22.3169",""
"ZTF22aajijjf","","","uvot::v","59716.4146","12.199283199529543","29","UVOT","","","None","235344340","[object Object]","2022-06-27T09:16:37.603261","","17.0983","0.089","ab","19.0451",""
"ZTF22aajijjf","","","uvot::uvm2","59716.4153","0.09356810368745569","29","UVOT","","","None","235344341","[object Object]","2022-06-27T09:16:37.603281","","26.0325","11.6037","ab","21.8786",""
"ZTF22aajijjf","220.4168904","3.0067481","ztfr","59717.23366900021","34.44048129212536","1","ZTF","","","None","216784064","","2022-05-18T08:08:15.348131","","16.44030048194984","0.03152500092983246","ab","18.535548500904554",""
"ZTF22aajijjf","220.4168904","3.0067481","ztfr","59717.23366900021","34.44052199028196","1","ZTF","","","None","216726476","","2022-05-18T05:47:02.639062","","16.44027544848577","0.031524963676929474","ab","18.53552475044915",""
"ZTF22aajijjf","220.4168904","3.0067481","ztfr","59717.23366900021","34.44052199028195","1","ZTF","","","None","216733591","","2022-05-18T05:58:32.393960","","16.440275192260742","0.031524963676929474","ab","19.834688186645508",""
"ZTF22aajijjf","220.4169231","3.0067657","ztfg","59717.332592600025","38.3801555788337","1","ZTF","","","None","216809101","","2022-05-18T08:43:37.208358","","16.158199444556285","0.02828899957239628","ab","18.37104126089335",""
"ZTF22aajijjf","220.4169231","3.0067657","ztfg","59717.332592600025","38.37986243960577","1","ZTF","","","None","216784065","","2022-05-18T08:08:15.348185","","16.158159560986554","0.028289215639233586","ab","18.37099308467646",""
"ZTF22aajijjf","220.4169231","3.0067657","ztfg","59717.332592600025","38.37986243960577","1","ZTF","","","None","216816852","","2022-05-18T09:02:42.733530","","16.158159255981445","0.02828921563923359","ab","19.444355010986328",""
"ZTF22aajijjf","220.416902","3.0067334","ztfi","59717.35620369995","23.24384554447308","1","ZTF","","","None","216809102","","2022-05-18T08:43:37.376286","","16.774406580458066","0.04671069607138633","ab","18.442751521833657",""
"ZTF22aajijjf","220.416902","3.0067334","ztfi","59717.35620369995","23.243845544473075","1","ZTF","","","None","216816853","","2022-05-18T09:02:42.733599","","16.77440643310547","0.046710696071386344","ab","19.278860092163086",""
"ZTF22aajijjf","220.416902","3.0067334","ztfi","59717.35620369995","23.24369353775744","1","ZTF","","","None","219270809","","2022-05-24T05:13:52.743660","","16.774401247836042","0.046711001545190804","ab","18.442739088848917",""
"ZTF22aajijjf","220.4169118","3.0067453","ztfr","59719.31910880003","40.94182220479724","1","ZTF","","","None","218793458","","2022-05-23T21:25:32.984202","","16.244199999983934","0.026519000530242916","ab","18.527192909085485",""
"ZTF22aajijjf","220.4169118","3.0067453","ztfr","59719.31910880003","40.942207549175635","1","ZTF","","","None","217608218","","2022-05-20T07:49:59.684333","","16.24416004365047","0.026518750935792923","ab","18.5271631716517",""
"ZTF22aajijjf","220.4169118","3.0067453","ztfr","59719.31910880003","40.942207549175635","1","ZTF","","","None","217614107","","2022-05-20T08:00:49.902011","","16.244159698486328","0.026518750935792923","ab","20.242786407470703",""
"ZTF22aajijjf","","","uvot::uvw1","59720.059","8.791386273345177","29","UVOT","","","None","235344342","[object Object]","2022-06-27T09:16:37.603301","","19.6849","0.1235","ab","21.333",""
"ZTF22aajijjf","","","uvot::u","59720.0603","20.069061086102206","29","UVOT","","","None","235344343","[object Object]","2022-06-27T09:16:37.603321","","17.5581","0.0541","ab","20.6136",""
"ZTF22aajijjf","","","uvot::b","59720.0612","31.746672653746472","29","UVOT","","","None","235344344","[object Object]","2022-06-27T09:16:37.603347","","15.9194","0.0342","ab","19.7312",""
"ZTF22aajijjf","","","uvot::uvw2","59720.0631","6.439716516952131","29","UVOT","","","None","235344345","[object Object]","2022-06-27T09:16:37.603367","","21.0827","0.1686","ab","22.2191",""
"ZTF22aajijjf","","","uvot::v","59720.0653","19.812704466389224","29","UVOT","","","None","235344346","[object Object]","2022-06-27T09:16:37.603387","","16.0221","0.0548","ab","18.9149",""
"ZTF22aajijjf","","","uvot::uvm2","59720.0664","1.4745840075487295","29","UVOT","","","None","235344347","[object Object]","2022-06-27T09:16:37.603407","","22.592","0.7363","ab","21.5824",""
"ZTF22aajijjf","","","uvot::uvw1","59720.457","9.032747127771458","29","UVOT","","","None","235344348","[object Object]","2022-06-27T09:16:37.603427","","19.6999","0.1202","ab","21.4076",""
"ZTF22aajijjf","","","uvot::u","59720.458","19.08147987272635","29","UVOT","","","None","235344349","[object Object]","2022-06-27T09:16:37.603447","","17.7194","0.0569","ab","20.6407",""
"ZTF22aajijjf","","","uvot::b","59720.4587","32.50707199874639","29","UVOT","","","None","235344350","[object Object]","2022-06-27T09:16:37.603466","","15.9006","0.033400000000000006","ab","19.7701",""
"ZTF22aajijjf","","","uvot::uvw2","59720.46","6.305088297085537","29","UVOT","","","None","235344351","[object Object]","2022-06-27T09:16:37.603486","","21.1364","0.1722","ab","22.2247",""
"ZTF22aajijjf","","","uvot::v","59720.4618","21.082256403070474","29","UVOT","","","None","235344352","[object Object]","2022-06-27T09:16:37.603505","","15.9287","0.0515","ab","18.9481",""
"ZTF22aajijjf","","","uvot::uvm2","59720.4628","3.8734791464792346","29","UVOT","","","None","235344353","[object Object]","2022-06-27T09:16:37.603525","","21.2838","0.2803","ab","21.6794",""
"ZTF22aajijjf","220.4169051","3.0067603","ztfg","59722.31513890019","32.87121460593047","1","ZTF","","","None","219270807","","2022-05-24T05:13:52.593295","","15.846200161249692","0.03302999958395958","ab","17.8908145297883",""
"ZTF22aajijjf","220.4169051","3.0067603","ztfg","59722.31513890019","32.8715149065937","1","ZTF","","","None","219001400","","2022-05-23T23:02:43.994756","","15.846182823181152","0.033029697835445404","ab","20.611541748046875",""
"ZTF22aajijjf","220.4169051","3.0067603","ztfg","59722.31513890019","32.8715149065937","1","ZTF","","","None","218977962","","2022-05-23T22:48:58.142792","","15.846182812528616","0.0330296978354454","ab","17.890807099952696",""
"ZTF22aajijjf","","","ztfg","59722.31513890019","","1","ZTF","","","None","218793459","","2022-05-23T21:25:32.984259","","","","ab","20.611499786376953",""
"ZTF22aajijjf","","","ztfg","59722.31513890019","","1","ZTF","","","None","218877064","","2022-05-23T22:00:37.375625","","","","ab","20.611499786376953",""
"ZTF22aajijjf","220.4169157","3.0067599","ztfg","59722.400289400015","38.70219519789608","1","ZTF","","","None","218793460","","2022-05-23T21:25:32.984277","","15.850408800868884","0.028053607791662213","ab","18.07232278754349",""
"ZTF22aajijjf","220.4169157","3.0067599","ztfg","59722.400289400015","38.702195197896074","1","ZTF","","","None","218877065","","2022-05-23T22:00:37.375680","","15.850408554077148","0.02805360779166222","ab","20.13327980041504",""
"ZTF22aajijjf","220.4169157","3.0067599","ztfg","59722.400289400015","38.701653005559564","1","ZTF","","","None","219270808","","2022-05-24T05:13:52.593342","","15.85040049223592","0.0280540008097887","ab","18.072299268352825",""
"ZTF22aajijjf","","","uvot::uvw1","59722.7422","6.218420416713227","29","UVOT","","","None","235344354","[object Object]","2022-06-27T09:16:37.603544","","20.0536","0.1746","ab","20.9907",""
"ZTF22aajijjf","","","uvot::u","59722.7436","22.06780903979938","29","UVOT","","","None","235344355","[object Object]","2022-06-27T09:16:37.603604","","17.5926","0.0492","ab","20.7814",""
"ZTF22aajijjf","","","uvot::b","59722.7448","35.137094005117454","29","UVOT","","","None","235344356","[object Object]","2022-06-27T09:16:37.603625","","15.8696","0.0309","ab","19.9084",""
"ZTF22aajijjf","","","uvot::uvw2","59722.7481","7.406113265744402","29","UVOT","","","None","235344357","[object Object]","2022-06-27T09:16:37.603645","","21.0669","0.1466","ab","22.3908",""
"ZTF22aajijjf","","","uvot::v","59722.7502","23.10077031400275","29","UVOT","","","None","235344358","[object Object]","2022-06-27T09:16:37.603665","","15.9238","0.047","ab","19.0955",""
"ZTF22aajijjf","","","uvot::uvm2","59722.7523","2.7954073243000237","29","UVOT","","","None","235344359","[object Object]","2022-06-27T09:16:37.603685","","21.9381","0.3884","ab","21.8359",""
"ZTF22aajijjf","220.416925","3.0067584","ztfi","59723.21096060006","26.903292476399773","1","ZTF","","","None","221922762","","2022-05-28T17:54:14.116127","","16.676599536269382","0.04035700112581253","ab","18.503688108040507",""
"ZTF22aajijjf","220.416925","3.0067584","ztfi","59723.21096060006","26.90339181276444","1","ZTF","","","None","219270810","","2022-05-24T05:13:52.743743","","16.676588165402848","0.04035685211420059","ab","18.503680746084356",""
"ZTF22aajijjf","220.416925","3.0067584","ztfi","59723.21096060006","26.903391812764436","1","ZTF","","","None","220077517","","2022-05-25T08:02:26.995727","","16.67658805847168","0.04035685211420059","ab","19.651607513427734",""
"ZTF22aajijjf","220.4169033","3.0067572","ztfr","59724.296192099806","24.661612092974195","1","ZTF","","","None","220038093","","2022-05-25T07:17:29.119147","","16.092524103070133","0.044025354087352746","ab","17.825152748163177",""
"ZTF22aajijjf","220.4169033","3.0067572","ztfr","59724.296192099806","24.661612092974195","1","ZTF","","","None","220077518","","2022-05-25T08:02:26.995791","","16.0925235748291","0.04402535408735275","ab","20.660449981689453",""
"ZTF22aajijjf","220.4169033","3.0067572","ztfr","59724.296192099806","24.66181033960837","1","ZTF","","","None","220063331","","2022-05-25T07:47:11.347960","","16.09250083848643","0.044025000184774385","ab","17.82513821142266",""
"ZTF22aajijjf","220.4169052","3.0067574","ztfg","59724.31695599994","35.58938148739241","1","ZTF","","","None","220063332","","2022-05-25T07:47:11.348012","","15.884716046771151","0.030507307499647137","ab","18.015592136950367",""
"ZTF22aajijjf","220.4169052","3.0067574","ztfg","59724.31695599994","35.5893814873924","1","ZTF","","","None","220077519","","2022-05-25T08:02:26.995810","","15.884716033935547","0.03050730749964714","ab","20.49091911315918",""
"ZTF22aajijjf","220.4169052","3.0067574","ztfg","59724.31695599994","35.5897400252392","1","ZTF","","","None","221352152","","2022-05-27T07:50:03.422627","","15.884699968024556","0.030507000163197517","ab","18.01558699617302",""
"ZTF22aajijjf","","","sdssg","59725.082998000085","48.02366331291057","33","IOO","","","LT_IOO_PIPE","220470107","","2022-05-26T02:19:35.218329","","15.915126528289598","0.022608358668595","ab","22.482517489281143",""
"ZTF22aajijjf","","","sdssr","59725.084067000076","27.449231947122037","33","IOO","","","LT_IOO_PIPE","220469677","","2022-05-26T02:16:45.797015","","16.035241431356702","0.03955433823611831","ab","22.65778904417514",""
"ZTF22aajijjf","","","sdssi","59725.085105000064","17.435540707494702","33","IOO","","","LT_IOO_PIPE","220471963","","2022-05-26T02:25:18.623934","","16.764966404246078","0.06227143872236916","ab","22.223911350759444",""
"ZTF22aajijjf","","","sdssz","59725.08615300013","16.27391896741995","33","IOO","","","LT_IOO_PIPE","220470762","","2022-05-26T02:20:58.953642","","16.736130316863882","0.06671633347393156","ab","21.348915454704496",""
"ZTF22aajijjf","","","sdssr","59725.34300519992","69.68669676583708","2","SEDM","","","SEDM_FPIPE_SDSS","227391001","","2022-06-08T09:49:09.778438","","16.01428222156241","0.015580250681223224","ab","18.87473190802551",""
"ZTF22aajijjf","","","sdssg","59725.395200000145","","68","KAIT","","","KAIT_FPIPE_SDSS","220764005","","2022-05-26T09:43:38.076133","","","","ab","22.9",""
"ZTF22aajijjf","","","sdssr","59725.39740000013","","68","KAIT","","","KAIT_FPIPE_SDSS","220768373","","2022-05-26T09:49:17.172575","","","","ab","22.4",""
"ZTF22aajijjf","","","sdssi","59725.3983","","68","KAIT","","","KAIT_FPIPE_SDSS","220766880","","2022-05-26T09:47:07.355264","","","","ab","22.099999999999998",""
"ZTF22aajijjf","","","sdssr","59725.42828870006","89.32329050631981","2","SEDM","","","SEDM_FPIPE_SDSS","227391593","","2022-06-08T09:49:53.768720","","16.00663083049847","0.012155129962227616","ab","19.1366176029256",""
"ZTF22aajijjf","220.4169035","3.0067537","ztfg","59726.31627310021","29.671056381907537","1","ZTF","","","None","221352153","","2022-05-27T07:50:03.422682","","15.958625842908084","0.03659243509173393","ab","17.89203335413467",""
"ZTF22aajijjf","220.4169035","3.0067537","ztfg","59726.31627310021","29.671056381907537","1","ZTF","","","None","221373119","","2022-05-27T08:03:04.463728","","15.958625793457031","0.03659243509173393","ab","20.702648162841797",""
"ZTF22aajijjf","220.4169035","3.0067537","ztfg","59726.31627310021","29.671409803316426","1","ZTF","","","None","221404742","","2022-05-27T08:46:45.993514","","15.95860015832234","0.036591999232769006","ab","17.89202060202187",""
"ZTF22aajijjf","220.4169179","3.006754","ztfr","59726.356250000186","29.353983264252324","1","ZTF","","","None","221404743","","2022-05-27T08:46:45.993571","","16.08193054395793","0.03698769584298134","ab","18.00367313884078",""
"ZTF22aajijjf","220.4169179","3.006754","ztfr","59726.356250000186","29.35398326425232","1","ZTF","","","None","221416154","","2022-05-27T09:00:04.254853","","16.08193016052246","0.03698769584298134","ab","20.61095428466797",""
"ZTF22aajijjf","220.4169179","3.006754","ztfr","59726.356250000186","29.35374083771872","1","ZTF","","","None","221922760","","2022-05-28T17:54:13.960820","","16.081900188352563","0.036988001316785805","ab","18.003633816399493",""
"ZTF22aajijjf","220.4169354","3.0067535","ztfi","59727.30202550022","22.148430780568194","1","ZTF","","","None","221922763","","2022-05-28T17:54:14.116180","","16.777243128017886","0.049020908772945404","ab","18.393175521737877",""
"ZTF22aajijjf","220.4169354","3.0067535","ztfi","59727.30202550022","22.14843078056819","1","ZTF","","","None","222361359","","2022-05-30T10:06:02.204415","","16.77724266052246","0.049020908772945404","ab","19.363279342651367",""
"ZTF22aajijjf","220.4169354","3.0067535","ztfi","59727.30202550022","22.14839038514385","1","ZTF","","","None","222789550","","2022-05-31T06:55:06.016230","","16.77720082515953","0.04902099817991255","ab","18.3931312386573",""
"ZTF22aajijjf","220.4169166","3.006729","ztfg","59729.37520830007","41.202847543498585","1","ZTF","","","None","222789549","","2022-05-31T06:55:05.864300","","16.097601198684558","0.026350999251008034","ab","18.387494266136933",""
"ZTF22aajijjf","220.4169166","3.006729","ztfg","59729.37520830007","41.20349412020995","1","ZTF","","","None","222309733","","2022-05-30T09:10:38.204727","","16.097551743493497","0.0263505857437849","ab","18.387461848754626",""
"ZTF22aajijjf","220.4169166","3.006729","ztfg","59729.37520830007","41.203494120209946","1","ZTF","","","None","222361360","","2022-05-30T10:06:02.204476","","16.097551345825195","0.026350585743784904","ab","20.043006896972656",""
"ZTF22aajijjf","","","sdssg","59729.946002999786","37.34107064361601","33","IOO","","","LT_IOO_PIPE","222642618","","2022-05-30T23:16:52.128811","","16.14516539679027","0.029076193747105416","ab","22.107484022321177",""
"ZTF22aajijjf","","","sdssr","59729.94707599981","19.58265520914664","33","IOO","","","LT_IOO_PIPE","222642978","","2022-05-30T23:17:45.695576","","16.173975678319586","0.05544376863924996","ab","22.44715573105601",""
"ZTF22aajijjf","","","sdssi","59729.948121999856","19.80405566006053","33","IOO","","","LT_IOO_PIPE","222642395","","2022-05-30T23:16:03.108625","","16.97532754954221","0.054823932198280384","ab","22.421146512080295",""
"ZTF22aajijjf","","","sdssz","59729.949167999905","14.054977650324993","33","IOO","","","LT_IOO_PIPE","222643184","","2022-05-30T23:18:39.213110","","16.971404871373057","0.07724923025637284","ab","21.19086831582601",""
"ZTF22aajijjf","","","sdssr","59730.270472100005","55.408745412835124","2","SEDM","","","SEDM_FPIPE_SDSS","227392717","","2022-06-08T09:50:34.340213","","16.170154851207805","0.019595033178762874","ab","18.78167563236871",""
"ZTF22aajijjf","","","sdssg","59730.29652500013","68.75824653543161","2","SEDM","","","SEDM_FPIPE_SDSS","227380727","","2022-06-08T09:39:27.175453","","16.242033329770546","0.015790632534508305","ab","19.08792030100642",""
"ZTF22aajijjf","","","sdssr","59730.2981786998","130.98824898774572","2","SEDM","","","SEDM_FPIPE_SDSS","227393546","","2022-06-08T09:51:20.374539","","16.180581090173455","0.008288806157411134","ab","19.726236920978806",""
"ZTF22aajijjf","","","sdssi","59730.29983650008","72.02073911636434","2","SEDM","","","SEDM_FPIPE_SDSS","227383200","","2022-06-08T09:41:40.587936","","16.731685152712405","0.015075327163803455","ab","19.627904076938705",""
"ZTF22aajijjf","220.4169411","3.006758","ztfi","59731.253344899975","22.944842507262152","1","ZTF","","","None","223238703","","2022-06-01T06:16:55.852464","","17.074611980019327","0.04731940105557442","ab","18.728899671819526",""
"ZTF22aajijjf","220.4169411","3.006758","ztfi","59731.253344899975","22.944842507262152","1","ZTF","","","None","223293707","","2022-06-01T08:00:49.926731","","17.07461166381836","0.04731940105557442","ab","19.773761749267578",""
"ZTF22aajijjf","220.4169411","3.006758","ztfi","59731.253344899975","22.945037596544715","1","ZTF","","","None","225180545","","2022-06-04T06:50:56.352961","","17.07460063161684","0.04731899872422218","ab","18.728897554885798",""
"ZTF22aajijjf","220.4169106","3.0067454","ztfg","59731.31818290008","37.779951616524194","1","ZTF","","","None","223283250","","2022-06-01T07:49:08.845074","","16.24572587017783","0.028738422319293022","ab","18.44145435283845",""
"ZTF22aajijjf","220.4169106","3.0067454","ztfg","59731.31818290008","37.779951616524194","1","ZTF","","","None","223293708","","2022-06-01T08:00:49.926818","","16.245725631713867","0.028738422319293022","ab","20.297266006469727",""
"ZTF22aajijjf","220.4169106","3.0067454","ztfg","59731.31818290008","37.78050747066782","1","ZTF","","","None","224423648","","2022-06-03T05:46:28.677162","","16.245700804687488","0.028737999498844143","ab","18.441445261601718",""
"ZTF22aajijjf","220.4169213","3.0067522","ztfr","59733.23201389983","31.532618178032795","1","ZTF","","","None","224423649","","2022-06-03T05:46:28.677215","","16.44300294866824","0.03443216159939766","ab","18.442478017969876",""
"ZTF22aajijjf","220.4169213","3.0067522","ztfr","59733.23201389983","31.532618178032795","1","ZTF","","","None","224431943","","2022-06-03T06:01:04.146343","","16.443002700805664","0.03443216159939766","ab","20.543991088867188",""
"ZTF22aajijjf","220.4169213","3.0067522","ztfr","59733.23201389983","31.532764876758574","1","ZTF","","","None","225180512","","2022-06-04T06:50:56.184981","","16.44300115608823","0.034432001411914825","ab","18.442481276532348",""
"ZTF22aajijjf","220.416924","3.0067571","ztfi","59734.27765050018","18.9244963303214","1","ZTF","","","None","226613739","","2022-06-07T06:16:35.924971","","17.326299690579617","0.05737200006842613","ab","18.77143550401754",""
"ZTF22aajijjf","220.416924","3.0067571","ztfi","59734.27765050018","18.92436361985643","1","ZTF","","","None","225180546","","2022-06-04T06:50:56.353016","","17.3262597191772","0.057372402399778366","ab","18.771387918723626",""
"ZTF22aajijjf","220.416924","3.0067571","ztfi","59734.27765050018","18.92436361985643","1","ZTF","","","None","225576253","","2022-06-05T07:03:32.285822","","17.32625961303711","0.057372402399778366","ab","19.775178909301758",""
"ZTF22aajijjf","","","sdssg","59734.95479999995","20.94614481301336","33","IOO","","","LT_IOO_PIPE","225513463","","2022-06-04T23:32:31.421291","","16.5548111500148","0.05183465570636113","ab","22.33781352534856",""
"ZTF22aajijjf","","","sdssr","59734.95586200012","21.872017771962632","33","IOO","","","LT_IOO_PIPE","225513405","","2022-06-04T23:31:36.158113","","16.510105073395454","0.049640422574542535","ab","22.46104506092015",""
"ZTF22aajijjf","","","sdssi","59734.95690600015","17.23289413800024","33","IOO","","","LT_IOO_PIPE","225513470","","2022-06-04T23:33:35.890886","","17.34115011202174","0.06300370651984528","ab","22.628326253684094",""
"ZTF22aajijjf","","","sdssz","59734.957959999796","16.745461255367083","33","IOO","","","LT_IOO_PIPE","225513484","","2022-06-04T23:34:35.963821","","17.152403728704186","0.064837640970334","ab","21.301101845248994",""
"ZTF22aajijjf","220.4169174","3.0067561","ztfr","59735.269536999986","25.272505787437343","1","ZTF","","","None","225557890","","2022-06-05T06:40:07.939884","","16.57384532443574","0.042961161583662026","ab","18.333041075271687",""
"ZTF22aajijjf","220.4169174","3.0067561","ztfr","59735.269536999986","25.27250578743734","1","ZTF","","","None","225576254","","2022-06-05T07:03:32.285936","","16.57384490966797","0.04296116158366203","ab","20.487442016601562",""
"ZTF22aajijjf","220.4169174","3.0067561","ztfr","59735.269536999986","25.272600020321942","1","ZTF","","","None","225561762","","2022-06-05T06:46:06.243380","","16.57379936012009","0.0429610013961792","ab","18.33299915930267",""
"ZTF22aajijjf","220.4169086","3.0067424","ztfg","59735.273888899945","26.705435722245767","1","ZTF","","","None","226539393","","2022-06-07T04:44:26.468192","","16.635700640979337","0.04065600037574768","ab","18.454774800770483",""
"ZTF22aajijjf","220.4169086","3.0067424","ztfg","59735.273888899945","26.70549200351582","1","ZTF","","","None","225561763","","2022-06-05T06:46:06.243433","","16.635698829610234","0.04065591469407081","ab","18.454775277570306",""
"ZTF22aajijjf","220.4169086","3.0067424","ztfg","59735.273888899945","26.70549200351582","1","ZTF","","","None","225576255","","2022-06-05T07:03:32.285974","","16.635698318481445","0.040655914694070816","ab","20.66515350341797",""
"ZTF22aajijjf","220.4169082","3.0067494","ztfg","59737.19120369991","28.002165348285804","1","ZTF","","","None","226539394","","2022-06-07T04:44:26.468254","","16.801920073460465","0.0387732945382595","ab","18.67247410190913",""
"ZTF22aajijjf","220.4169082","3.0067494","ztfg","59737.19120369991","28.002165348285796","1","ZTF","","","None","226555383","","2022-06-07T05:04:54.339254","","16.80191993713379","0.038773294538259506","ab","20.328733444213867",""
"ZTF22aajijjf","220.4169082","3.0067494","ztfg","59737.19120369991","28.002377892565242","1","ZTF","","","None","226590939","","2022-06-07T05:40:04.573607","","16.801900978372323","0.03877300024032592","ab","18.67246324783166",""
"ZTF22aajijjf","220.4169114","3.0067529","ztfr","59737.22862270009","29.03700907045912","1","ZTF","","","None","226590940","","2022-06-07T05:40:04.573659","","16.691940603150897","0.037391461431980126","ab","18.601895292913763",""
"ZTF22aajijjf","220.4169114","3.0067529","ztfr","59737.22862270009","29.037009070459117","1","ZTF","","","None","226602968","","2022-06-07T06:03:26.466191","","16.691940307617188","0.03739146143198013","ab","20.571321487426758",""
"ZTF22aajijjf","220.4169114","3.0067529","ztfr","59737.22862270009","29.03736779956281","1","ZTF","","","None","226613738","","2022-06-07T06:16:35.747888","","16.691900629524184","0.03739099949598312","ab","18.60186873260964",""
"ZTF22aajijjf","220.4169223","3.0067568","ztfi","59737.25288189994","21.95334572572434","1","ZTF","","","None","226613740","","2022-06-07T06:16:35.925026","","17.435432857798922","0.04945652559399604","ab","19.041759638984217",""
"ZTF22aajijjf","220.4169223","3.0067568","ztfi","59737.25288189994","21.953345725724336","1","ZTF","","","None","227948225","","2022-06-09T05:01:42.218451","","17.43543243408203","0.04945652559399605","ab","19.96232032775879",""
"ZTF22aajijjf","220.4169223","3.0067568","ztfi","59737.25288189994","21.953135717258906","1","ZTF","","","None","228354718","","2022-06-10T06:45:12.461076","","17.43540001014764","0.04945699870586395","ab","19.04171640499421",""
"ZTF22aajijjf","220.4169051","3.0067549","ztfg","59739.1901273001","27.09142259714476","1","ZTF","","","None","227936875","","2022-06-09T04:44:03.208922","","17.066629627936695","0.04007675126194953","ab","18.901284144248443",""
"ZTF22aajijjf","220.4169051","3.0067549","ztfg","59739.1901273001","27.091422597144756","1","ZTF","","","None","227948226","","2022-06-09T05:01:42.218513","","17.06662940979004","0.04007675126194954","ab","19.937597274780273",""
"ZTF22aajijjf","220.4169051","3.0067549","ztfg","59739.1901273001","27.09125387522001","1","ZTF","","","None","227977658","","2022-06-09T06:11:42.605125","","17.06660109762957","0.040077000856399536","ab","18.90124885209365",""
"ZTF22aajijjf","220.4169079","3.0067507","ztfr","59739.251527800225","27.949754826685478","1","ZTF","","","None","228354717","","2022-06-10T06:45:12.320056","","16.77980077405345","0.03884600102901458","ab","18.64832076980845",""
"ZTF22aajijjf","220.4169079","3.0067507","ztfr","59739.251527800225","27.95009523551559","1","ZTF","","","None","227977659","","2022-06-09T06:11:42.605187","","16.779772192057223","0.03884552791714668","ab","18.648305411253464",""
"ZTF22aajijjf","220.4169079","3.0067507","ztfr","59739.251527800225","27.95009523551559","1","ZTF","","","None","227999116","","2022-06-09T07:01:54.798841","","16.77977180480957","0.03884552791714668","ab","19.885805130004883",""
"ZTF22aajijjf","220.4169106","3.0067647","ztfi","59740.274189800024","19.227800257885185","1","ZTF","","","None","229214670","","2022-06-13T05:46:54.637569","","17.383600599526815","0.05646700039505958","ab","18.845999593548797",""
"ZTF22aajijjf","220.4169106","3.0067647","ztfi","59740.274189800024","19.22790935064299","1","ZTF","","","None","228354719","","2022-06-10T06:45:12.461127","","17.383564282433028","0.05646668002009391","ab","18.845969436578333",""
"ZTF22aajijjf","220.4169106","3.0067647","ztfi","59740.274189800024","19.227909350642985","1","ZTF","","","None","228990142","","2022-06-12T09:03:42.315934","","17.383563995361328","0.05646668002009392","ab","19.34258460998535",""
"ZTF22aajijjf","220.4169196","3.0067452","ztfg","59742.34039349994","18.877444535660537","1","ZTF","","","None","229214669","","2022-06-13T05:46:54.477876","","17.300600564272038","0.05751499906182289","ab","18.743033560755403",""
"ZTF22aajijjf","220.4169196","3.0067452","ztfg","59742.34039349994","18.877394404828742","1","ZTF","","","None","228968522","","2022-06-12T08:20:29.013746","","17.300577324525392","0.05751515179872512","ab","18.74300743773018",""
"ZTF22aajijjf","220.4169196","3.0067452","ztfg","59742.34039349994","18.87739440482874","1","ZTF","","","None","228990143","","2022-06-12T09:03:42.315998","","17.30057716369629","0.057515151798725135","ab","18.8221378326416",""
"ZTF22aajijjf","220.4169089","3.006772","ztfi","59743.233067099936","25.59431061094007","1","ZTF","","","None","230307665","","2022-06-18T05:14:37.732104","","17.386800776930613","0.042420998215675354","ab","19.159734356627993",""
"ZTF22aajijjf","220.4169089","3.006772","ztfi","59743.233067099936","25.594373544423796","1","ZTF","","","None","229214671","","2022-06-13T05:46:54.637619","","17.386779892423238","0.042420893907547","ab","19.15971614181854",""
"ZTF22aajijjf","220.4169089","3.006772","ztfi","59743.233067099936","25.594373544423796","1","ZTF","","","None","229533020","","2022-06-14T06:28:27.746589","","17.38677978515625","0.042420893907547","ab","19.41719627380371",""
"ZTF22aajijjf","","","sdssr","59743.28345939983","51.17708743016145","2","SEDM","","","SEDM_FPIPE_SDSS","229239552","","2022-06-13T06:55:36.793594","","16.807467568877357","0.021215279322797993","ab","19.3327314726908",""
"ZTF22aajijjf","220.4169183","3.0067131","ztfg","59744.243136600126","16.459775992372983","1","ZTF","","","None","230307664","","2022-06-18T05:14:37.576289","","17.50029998136283","0.06596300005912781","ab","18.793934771598842",""
"ZTF22aajijjf","220.4169183","3.0067131","ztfg","59744.243136600126","16.459839203600314","1","ZTF","","","None","229529166","","2022-06-14T05:59:14.474221","","17.500252240911735","0.06596274673938751","ab","18.793891200741932",""
"ZTF22aajijjf","220.4169183","3.0067131","ztfg","59744.243136600126","16.459839203600314","1","ZTF","","","None","229533021","","2022-06-14T06:28:27.746658","","17.50025177001953","0.06596274673938751","ab","18.91913604736328",""
"ZTF22aajijjf","","","sdssg","59745.91086000018","34.04981432084551","33","IOO","","","LT_IOO_PIPE","229650904","","2022-06-15T22:15:58.540706","","17.51126928685533","0.03188669971963503","ab","21.34564521562687",""
"ZTF22aajijjf","","","sdssr","59745.91192799993","18.31184023944638","33","IOO","","","LT_IOO_PIPE","229650908","","2022-06-15T22:33:34.448864","","16.918495927239803","0.0592914852118082","ab","21.22911665631257",""
"ZTF22aajijjf","","","sdssi","59745.91296700016","17.169945938881934","33","IOO","","","LT_IOO_PIPE","229650906","","2022-06-15T22:31:41.505516","","17.417333239555667","0.0632346897668118","ab","21.058584255147473",""
"ZTF22aajijjf","","","sdssz","59745.91401500022","14.258569357282374","33","IOO","","","LT_IOO_PIPE","229650910","","2022-06-15T22:35:17.470047","","17.20477362259907","0.07614622319760321","ab","20.369929987319015",""
"ZTF22aajijjf","220.4169395","3.006752","ztfi","59748.21159720002","19.577692495774986","1","ZTF","","","None","230307666","","2022-06-18T05:14:37.732167","","17.405514227546732","0.055457822978496545","ab","18.887492973754533",""
"ZTF22aajijjf","220.4169395","3.006752","ztfi","59748.21159720002","19.577692495774983","1","ZTF","","","None","230397075","","2022-06-18T06:29:48.675466","","17.405513763427734","0.05545782297849655","ab","19.86607551574707",""
"ZTF22aajijjf","220.4169395","3.006752","ztfi","59748.21159720002","19.577629371174257","1","ZTF","","","None","231956354","","2022-06-21T05:19:02.668399","","17.405500592238702","0.05545800179243087","ab","18.887475837687926",""
"ZTF22aajijjf","220.4169535","3.0067448","ztfg","59748.2520486","20.51976872407759","1","ZTF","","","None","230373723","","2022-06-18T06:13:00.192365","","17.769727870780823","0.05291171744465827","ab","19.302734013902928",""
"ZTF22aajijjf","220.4169535","3.0067448","ztfg","59748.2520486","20.51976872407759","1","ZTF","","","None","230397076","","2022-06-18T06:29:48.675536","","17.76972770690918","0.05291171744465828","ab","20.540346145629883",""
"ZTF22aajijjf","220.4169535","3.0067448","ztfg","59748.2520486","20.519658926693538","1","ZTF","","","None","230488502","","2022-06-18T07:50:08.612239","","17.7696992075009","0.05291200056672096","ab","19.302699541039296",""
"ZTF22aajijjf","220.4169305","3.0067344","ztfr","59748.31969910022","27.228493674803588","1","ZTF","","","None","231415939","","2022-06-20T05:09:04.027077","","17.059900263900715","0.03987500071525574","ab","18.90003429335367",""
"ZTF22aajijjf","220.4169305","3.0067344","ztfr","59748.31969910022","27.22855218233883","1","ZTF","","","None","230488503","","2022-06-18T07:50:08.612314","","17.05987945465038","0.039874915033578866","ab","18.900015817088843",""
"ZTF22aajijjf","220.4169305","3.0067344","ztfr","59748.31969910022","27.228552182338827","1","ZTF","","","None","230521212","","2022-06-18T08:30:28.712612","","17.059879302978516","0.03987491503357887","ab","19.83179473876953",""
"ZTF22aajijjf","220.4169222","3.0067525","ztfr","59750.20726849977","23.284372377909108","1","ZTF","","","None","231415940","","2022-06-20T05:09:04.027132","","17.12932422020662","0.0466293953359127","ab","18.799560549794265",""
"ZTF22aajijjf","220.4169222","3.0067525","ztfr","59750.20726849977","23.284372377909104","1","ZTF","","","None","231446160","","2022-06-20T05:30:23.229056","","17.129323959350586","0.046629395335912704","ab","20.628299713134766",""
"ZTF22aajijjf","220.4169222","3.0067525","ztfr","59750.20726849977","23.284569563155237","1","ZTF","","","None","231956303","","2022-06-21T05:19:02.144371","","17.12929918297135","0.04662900045514106","ab","18.79954470714886",""
"ZTF22aajijjf","220.4169409","3.0067568","ztfi","59751.31128469994","19.858954332525247","1","ZTF","","","None","232056279","","2022-06-21T07:39:03.568571","","17.453903735114974","0.05467237532138824","ab","18.95136966705375",""
"ZTF22aajijjf","220.4169409","3.0067568","ztfi","59751.31128469994","19.858954332525247","1","ZTF","","","None","232646502","","2022-06-22T07:30:19.875611","","17.453903198242188","0.05467237532138824","ab","19.993656158447266",""
"ZTF22aajijjf","220.4169409","3.0067568","ztfi","59751.31128469994","19.859091002438337","1","ZTF","","","None","232539957","","2022-06-22T06:53:21.999947","","17.45389953678783","0.05467199906706811","ab","18.95137294076968",""
"ZTF22aajijjf","220.4169279","3.0067674","ztfr","59752.277928200085","26.425941173485306","1","ZTF","","","None","232539952","","2022-06-22T06:53:21.843739","","17.189600032302305","0.04108599945902824","ab","18.99725118115285",""
"ZTF22aajijjf","220.4169279","3.0067674","ztfr","59752.277928200085","26.425893252478122","1","ZTF","","","None","232540041","","2022-06-22T06:53:23.795877","","17.189550528142426","0.041086073964834206","ab","18.99719970810871",""
"ZTF22aajijjf","220.4169279","3.0067674","ztfr","59752.277928200085","26.42589325247812","1","ZTF","","","None","232646503","","2022-06-22T07:30:19.875679","","17.189550399780273","0.04108607396483422","ab","20.424333572387695",""
"ZTF22aajijjf","220.4169207","3.0067428","ztfr","59754.18759260001","28.82390525269966","1","ZTF","","","None","233768308","","2022-06-24T04:39:54.002771","","17.2923149240652","0.037667907774448395","ab","19.194271967084727",""
"ZTF22aajijjf","220.4169207","3.0067428","ztfr","59754.18759260001","28.82390525269966","1","ZTF","","","None","233801251","","2022-06-24T05:29:25.538786","","17.292314529418945","0.037667907774448395","ab","20.309663772583008",""
"ZTF22aajijjf","220.4169207","3.0067428","ztfr","59754.18759260001","28.823833987028525","1","ZTF","","","None","233817352","","2022-06-24T05:46:11.738886","","17.292299397890453","0.03766800090670584","ab","19.194253756477934",""
"ZTF22aajijjf","220.4169449","3.0067458","ztfg","59754.232499999925","17.34825081354061","1","ZTF","","","None","233817353","","2022-06-24T05:46:11.738967","","18.167627583914737","0.0625847652554512","ab","19.518341803986534",""
"ZTF22aajijjf","220.4169449","3.0067458","ztfg","59754.232499999925","17.34825081354061","1","ZTF","","","None","233840693","","2022-06-24T06:30:21.404312","","18.167627334594727","0.0625847652554512","ab","20.544588088989258",""
"ZTF22aajijjf","220.4169449","3.0067458","ztfg","59754.232499999925","17.348184725099834","1","ZTF","","","None","233818664","","2022-06-24T05:47:13.969670","","18.167600747952278","0.0625850036740303","ab","19.518310831886645",""
"ZTF22aajijjf","","","sdssg","59754.31749999989","15.879155809964594","68","KAIT","","","KAIT_FPIPE_SDSS","233844730","","2022-06-24T07:46:31.506599","","18.20682033043251","0.0683749323800199","ab","19.46146384491785",""
"ZTF22aajijjf","","","sdssr","59754.319699999876","22.860333995675436","68","KAIT","","","KAIT_FPIPE_SDSS","233844732","","2022-06-24T07:47:58.310760","","17.26433213679832","0.0474943281652631","ab","18.914613554122525",""
"ZTF22aajijjf","","","sdssi","59754.32060000021","21.656709245718318","68","KAIT","","","KAIT_FPIPE_SDSS","233844733","","2022-06-24T07:49:18.826196","","17.616340451586918","0.05013394197794787","ab","19.20789660551894",""
"ZTF22aajijjf","220.4169165","3.0067568","ztfi","59755.21039350005","22.56966300781593","1","ZTF","","","None","235133019","","2022-06-27T05:44:39.528121","","17.528999554097638","0.04810599982738494","ab","19.165387229727074",""
"ZTF22aajijjf","220.4169165","3.0067568","ztfi","59755.21039350005","22.569815065415106","1","ZTF","","","None","233932923","","2022-06-25T05:13:56.381946","","17.52897696563201","0.04810567572712898","ab","19.165371956119643",""
"ZTF22aajijjf","220.4169165","3.0067568","ztfi","59755.21039350005","22.569815065415103","1","ZTF","","","None","234573101","","2022-06-26T05:33:36.509173","","17.528976440429688","0.04810567572712898","ab","19.99894905090332",""
"ZTF22aajijjf","220.4169184","3.0067523","ztfr","59756.21219909983","31.489837058913675","1","ZTF","","","None","234562406","","2022-06-26T05:16:33.934398","","17.458948629301425","0.03447894006967544","ab","19.45694965203132",""
"ZTF22aajijjf","220.4169184","3.0067523","ztfr","59756.21219909983","31.489837058913672","1","ZTF","","","None","234573102","","2022-06-26T05:33:36.509241","","17.458948135375977","0.034478940069675446","ab","20.60760498046875",""
"ZTF22aajijjf","220.4169184","3.0067523","ztfr","59756.21219909983","31.489782621703498","1","ZTF","","","None","235133018","","2022-06-27T05:44:39.387753","","17.458900915488492","0.03447899967432022","ab","19.45690006127946",""
"ZTF22aajijjf","","","sdssg","59756.311499999836","24.795232637291672","68","KAIT","","","KAIT_FPIPE_SDSS","234677306","","2022-06-26T07:37:34.148649","","18.191385838957146","0.043788103166461034","ab","19.929881296478438",""
"ZTF22aajijjf","","","sdssr","59756.31380000012","22.703067205012175","68","KAIT","","","KAIT_FPIPE_SDSS","234678932","","2022-06-26T07:39:02.371552","","17.36015209189755","0.047823326907935615","ab","19.00293841789776",""
"ZTF22aajijjf","","","sdssi","59756.31460000016","21.923743460393005","68","KAIT","","","KAIT_FPIPE_SDSS","234680847","","2022-06-26T07:40:23.419655","","17.626543257350708","0.04952330366023478","ab","19.23140502539654",""
"ZTF22aajijjf","220.4169283","3.0067643","ztfr","59758.28799769981","24.957158238176575","1","ZTF","","","None","236476026","","2022-06-29T05:10:01.476836","","17.516600071461816","0.04350399971008301","ab","19.26216289218015",""
"ZTF22aajijjf","220.4169283","3.0067643","ztfr","59758.28799769981","24.957243722709986","1","ZTF","","","None","235629821","","2022-06-28T07:04:46.984721","","17.516595901557466","0.04350385069847106","ab","19.262162441188543",""
"ZTF22aajijjf","220.4169283","3.0067643","ztfr","59758.28799769981","24.957243722709983","1","ZTF","","","None","235653486","","2022-06-28T07:31:18.860128","","17.5165958404541","0.04350385069847107","ab","20.166458129882812",""
"ZTF22aajijjf","220.4169471","3.0067568","ztfg","59760.21487270016","14.855597381376619","1","ZTF","","","None","237104582","","2022-06-30T06:20:04.316679","","18.523500725445324","0.07308600097894669","ab","19.705801016048227",""
"ZTF22aajijjf","220.4169471","3.0067568","ztfg","59760.21487270016","14.855688247070013","1","ZTF","","","None","237039822","","2022-06-30T05:20:20.204212","","18.523464300594352","0.07308555394411087","ab","19.705771232187104",""
"ZTF22aajijjf","220.4169471","3.0067568","ztfg","59760.21487270016","14.855688247070013","1","ZTF","","","None","237050965","","2022-06-30T05:30:45.459335","","18.52346420288086","0.07308555394411087","ab","20.56758689880371",""
"ZTF22aajijjf","220.4169307","3.0067505","ztfi","59761.23469909979","17.26259735165708","1","ZTF","","","None","237920102","","2022-07-01T05:53:49.834062","","17.875644710471192","0.06289529800415038","ab","19.220985051576616",""
"ZTF22aajijjf","220.4169307","3.0067505","ztfi","59761.23469909979","17.26259735165708","1","ZTF","","","None","238932782","","2022-07-02T05:35:54.507458","","17.87564468383789","0.06289529800415039","ab","19.967151641845703",""
"ZTF22aajijjf","220.4169307","3.0067505","ztfi","59761.23469909979","17.262679149175437","1","ZTF","","","None","240201196","","2022-07-04T04:47:20.686516","","17.875601244090763","0.0628949999809265","ab","19.220946729863286",""
"ZTF22aajijjf","220.4169558","3.0067366","ztfg","59762.20667820005","16.81603632677866","1","ZTF","","","None","238906962","","2022-07-02T05:07:43.060254","","18.616615682351043","0.06456552445888518","ab","19.933499763681464",""
"ZTF22aajijjf","220.4169558","3.0067366","ztfg","59762.20667820005","16.816036326778658","1","ZTF","","","None","238932783","","2022-07-02T05:35:54.507512","","18.616615295410156","0.06456552445888519","ab","20.510713577270508",""
"ZTF22aajijjf","220.4169558","3.0067366","ztfg","59762.20667820005","16.815912135860632","1","ZTF","","","None","238953234","","2022-07-02T05:52:53.111671","","18.616600241439166","0.0645660012960434","ab","19.93347630428822",""
"ZTF22aajijjf","220.4169213","3.0067599","ztfr","59762.23671300011","23.4941722234692","1","ZTF","","","None","240201195","","2022-07-04T04:47:20.532966","","17.806801336382485","0.04621300101280211","ab","19.486776695576097",""
"ZTF22aajijjf","220.4169213","3.0067599","ztfr","59762.23671300011","23.49419684414133","1","ZTF","","","None","238953235","","2022-07-02T05:52:53.111719","","17.806755456219346","0.04621295258402824","ab","19.48673195320751",""
"ZTF22aajijjf","220.4169213","3.0067599","ztfr","59762.23671300011","23.49419684414133","1","ZTF","","","None","238981724","","2022-07-02T06:34:54.872756","","17.80675506591797","0.046212952584028244","ab","20.395410537719727",""
"ZTF22aajijjf","","","sdssg","59763.2760999999","","68","KAIT","","","KAIT_FPIPE_SDSS","239855412","","2022-07-03T11:16:36.844990","","","","ab","18",""
"ZTF22aajijjf","","","sdssr","59763.27829999989","","68","KAIT","","","KAIT_FPIPE_SDSS","239856250","","2022-07-03T11:18:07.694982","","","","ab","17.599999999999998",""
"ZTF22aajijjf","","","sdssi","59763.27920000022","","68","KAIT","","","KAIT_FPIPE_SDSS","239780054","","2022-07-03T10:09:15.853223","","","","ab","17.2",""
"ZTF22aajijjf","220.4169267","3.0067445","ztfi","59764.19266200019","19.735066932289808","1","ZTF","","","None","240201197","","2022-07-04T04:47:20.686567","","18.049703995945194","0.055015582591295235","ab","19.540375494259145",""
"ZTF22aajijjf","220.4169267","3.0067445","ztfi","59764.19266200019","19.735066932289804","1","ZTF","","","None","240291784","","2022-07-04T06:43:08.358238","","18.04970359802246","0.05501558259129524","ab","19.715248107910156",""
"ZTF22aajijjf","220.4169267","3.0067445","ztfi","59764.19266200019","19.73491726470937","1","ZTF","","","None","240842338","","2022-07-05T04:46:24.284093","","18.049699832164528","0.05501599982380867","ab","19.54036309639812",""
"ZTF22aajijjf","220.4169433","3.0067294","ztfg","59764.21527779987","16.023734208968662","1","ZTF","","","None","240293259","","2022-07-04T06:45:18.778705","","18.626699539545722","0.0677580013871193","ab","19.891183860099765",""
"ZTF22aajijjf","220.4169433","3.0067294","ztfg","59764.21527779987","16.023753590427923","1","ZTF","","","None","240217739","","2022-07-04T05:20:16.981612","","18.62668472736224","0.06775791943073273","ab","19.891170361164434",""
"ZTF22aajijjf","220.4169433","3.0067294","ztfg","59764.21527779987","16.02375359042792","1","ZTF","","","None","240291785","","2022-07-04T06:43:08.358298","","18.626684188842773","0.06775791943073273","ab","20.21529769897461",""
"ZTF22aajijjf","220.416938","3.0067509","ztfr","59764.27317130007","20.86750311973961","1","ZTF","","","None","240842327","","2022-07-05T04:46:23.913134","","17.92970133604983","0.05203000083565712","ab","19.480952542963053",""
"ZTF22aajijjf","220.416938","3.0067509","ztfr","59764.27317130007","20.86761368298964","1","ZTF","","","None","240293260","","2022-07-04T06:45:18.778763","","17.929659039878736","0.052029725164175034","ab","19.48091599938271",""
"ZTF22aajijjf","220.416938","3.0067509","ztfr","59764.27317130007","20.867613682989642","1","ZTF","","","None","240432869","","2022-07-04T08:44:50.272970","","17.929658889770508","0.052029725164175034","ab","20.3090877532959",""
"ZTF22aajijjf","220.4169517","3.0067392","ztfg","59766.191620400175","12.158709096353427","1","ZTF","","","None","242319571","","2022-07-09T06:18:47.501976","","18.751499164246642","0.08929699659347533","ab","19.716292823048796",""
"ZTF22aajijjf","220.4169517","3.0067392","ztfg","59766.191620400175","12.158775037492479","1","ZTF","","","None","241295902","","2022-07-06T04:46:56.043985","","18.751487893922583","0.08929651230573654","ab","19.71628744105444",""
"ZTF22aajijjf","220.4169517","3.0067392","ztfg","59766.191620400175","12.158775037492479","1","ZTF","","","None","241316815","","2022-07-06T05:43:39.246635","","18.751487731933594","0.08929651230573654","ab","20.148202896118164",""
"ZTF22aajijjf","","","sdssg","59766.28450000007","","68","KAIT","","","KAIT_FPIPE_SDSS","241374894","","2022-07-06T06:58:46.297459","","","","ab","18.5",""
"ZTF22aajijjf","","","sdssr","59766.286799999885","14.652458107178518","68","KAIT","","","KAIT_FPIPE_SDSS","241376353","","2022-07-06T07:00:12.140915","","17.900589288986268","0.0740992533004552","ab","19.06794049905801",""
"ZTF22aajijjf","","","sdssi","59766.28759999992","","68","KAIT","","","KAIT_FPIPE_SDSS","241377618","","2022-07-06T07:01:54.726972","","","","ab","18.2",""
"ZTF22aajijjf","220.4168887","3.0067748","ztfg","59769.25629629986","11.304335387517607","1","ZTF","","","None","243186748","","2022-07-11T05:38:42.630017","","18.81370023657436","0.09604600071907043","ab","19.69938781094319",""
"ZTF22aajijjf","220.4168887","3.0067748","ztfg","59769.25629629986","11.304313464767588","1","ZTF","","","None","242319572","","2022-07-09T06:18:47.502031","","18.81366741607259","0.09604618698358534","ab","19.699352884846917",""
"ZTF22aajijjf","220.4168887","3.0067748","ztfg","59769.25629629986","11.304313464767587","1","ZTF","","","None","242397124","","2022-07-09T07:47:00.245161","","18.81366729736328","0.09604618698358536","ab","19.625879287719727",""
"ZTF22aajijjf","","","sdssr","59770.25063360017","22.18582338291852","2","SEDM","","","SEDM_FPIPE_SDSS","242822893","","2022-07-10T06:16:13.008743","","18.019553082474484","0.04893828757304846","ab","19.637316949963672",""
"ZTF22aajijjf","220.4168894","3.0067268","ztfg","59771.228993100114","10.601856920191482","1","ZTF","","","None","243197855","","2022-07-11T06:12:56.683224","","18.766800326703258","0.10241000354290009","ab","19.582830162884406",""
"ZTF22aajijjf","220.4168894","3.0067268","ztfg","59771.228993100114","10.601887772731898","1","ZTF","","","None","243186749","","2022-07-11T05:38:42.630070","","18.766773509699902","0.1024097055196762","ab","19.582806505485227",""
"ZTF22aajijjf","220.4168894","3.0067268","ztfg","59771.228993100114","10.601887772731896","1","ZTF","","","None","243209246","","2022-07-11T06:48:43.148684","","18.766773223876953","0.10240970551967621","ab","19.410381317138672",""
"ZTF22aajijjf","220.4168779","3.0067778","ztfg","59771.25199070014","10.215136174432125","1","ZTF","","","None","243838550","","2022-07-13T04:47:03.759838","","18.823700088906442","0.10628700256347656","ab","19.599385479156247",""
"ZTF22aajijjf","220.4168779","3.0067778","ztfg","59771.25199070014","10.21512256916289","1","ZTF","","","None","243197856","","2022-07-11T06:12:56.683275","","18.823673296079097","0.10628714412450789","ab","19.599357240264656",""
"ZTF22aajijjf","220.4168779","3.0067778","ztfg","59771.25199070014","10.215122569162887","1","ZTF","","","None","243209247","","2022-07-11T06:48:43.148744","","18.823673248291016","0.1062871441245079","ab","19.387678146362305",""
"ZTF22aajijjf","220.4169349","3.0067531","ztfr","59773.19171300018","15.209798249616473","1","ZTF","","","None","244555894","","2022-07-15T05:00:51.841011","","18.320900303878453","0.071383997797966","ab","19.528783926517484",""
"ZTF22aajijjf","220.4169349","3.0067531","ztfr","59773.19171300018","15.209876037329801","1","ZTF","","","None","243838551","","2022-07-13T04:47:03.759921","","18.3208658033328","0.07138363271951675","ab","19.52875497875559",""
"ZTF22aajijjf","220.4169349","3.0067531","ztfr","59773.19171300018","15.209876037329801","1","ZTF","","","None","243945259","","2022-07-13T07:45:56.545896","","18.320865631103516","0.07138363271951675","ab","19.932069778442383",""
"ZTF22aajijjf","","","ztfr","59773.21427079989","","1","ZTF","","","None","244555895","","2022-07-15T05:00:51.841067","","","","ab","19.800399780273438",""
"ZTF22aajijjf","220.4169261","3.0067733","ztfr","59775.18778940011","17.087154557291747","1","ZTF","","","None","244555896","","2022-07-15T05:00:51.841085","","18.447629993761087","0.06354107707738876","ab","19.781879352280857",""
"ZTF22aajijjf","220.4169261","3.0067733","ztfr","59775.18778940011","17.087174593050868","1","ZTF","","","None","245046470","","2022-07-15T08:07:39.347622","","18.447599522214617","0.0635410025715828","ab","19.781850153827353",""
"ZTF22aajijjf","220.416941","3.0067552","ztfr","59775.28265050007","12.08888846387163","1","ZTF","","","None","245046471","","2022-07-15T08:07:39.347676","","18.39374557494983","0.08981274068355559","ab","19.35228649074491",""
"ZTF22aajijjf","220.416941","3.0067552","ztfr","59775.28265050007","12.088853364016677","1","ZTF","","","None","245637486","","2022-07-17T04:40:47.259816","","18.393699638682623","0.08981300145387648","ab","19.352237402058957",""
"ZTF22aajijjf","220.4169508","3.0067555","ztfr","59777.20706020016","15.322522203584489","1","ZTF","","","None","245668729","","2022-07-17T05:09:07.854010","","18.462404780493262","0.07085884362459181","ab","19.678305418035045",""
"ZTF22aajijjf","220.4169508","3.0067555","ztfr","59777.20706020016","15.322488370261748","1","ZTF","","","None","245852744","","2022-07-18T04:46:37.107324","","18.462400573332992","0.07085900008678435","ab","19.678298813482",""
"ZTF22aajijjf","","","sdssg","59777.25339999981","","68","KAIT","","","KAIT_FPIPE_SDSS","245701586","","2022-07-17T06:14:50.159584","","","","ab","18.5",""
"ZTF22aajijjf","","","sdssr","59777.255700000096","10.45155990200266","68","KAIT","","","KAIT_FPIPE_SDSS","245701588","","2022-07-17T06:17:48.896578","","18.229431895297253","0.10388269453922257","ab","19.02995966949214",""
"ZTF22aajijjf","","","sdssi","59777.256500000134","","68","KAIT","","","KAIT_FPIPE_SDSS","245701587","","2022-07-17T06:16:35.831682","","","","ab","18.4",""
"ZTF22aajijjf","220.4169551","3.0067475","ztfr","59780.18379630009","11.944694554030775","1","ZTF","","","None","248194163","","2022-07-20T05:19:45.007092","","18.952257457082887","0.09089694172143936","ab","19.897770067708098",""
"ZTF22aajijjf","","","ztfr","59780.18379630009","","1","ZTF","","","None","251182456","","2022-07-22T05:09:11.639299","","","","ab","20.273399353027344",""
"ZTF22aajijjf","","","ztfg","59780.27053239988","","1","ZTF","","","None","251182457","","2022-07-22T05:09:11.639358","","","","ab","17.72089958190918",""
"ZTF22aajijjf","220.4169413","3.0067219","ztfg","59782.205868099816","11.443016005845609","1","ZTF","","","None","251211304","","2022-07-22T06:01:39.009464","","19.084499602638058","0.09488199651241301","ab","19.98342585531511",""
"ZTF22aajijjf","220.4169413","3.0067219","ztfg","59782.205868099816","11.442996237572224","1","ZTF","","","None","251182458","","2022-07-22T05:09:11.639379","","19.08446926605611","0.09488216042518616","ab","19.983393643078298",""
"ZTF22aajijjf","220.4169413","3.0067736","ztfr","59782.23315969994","13.16810041548553","1","ZTF","","","None","252654364","","2022-07-24T04:46:26.996309","","18.682400105202483","0.08245199918746947","ab","19.73378291852202",""
"ZTF22aajijjf","220.4169413","3.0067736","ztfr","59782.23315969994","13.168029021610915","1","ZTF","","","None","251211305","","2022-07-22T06:01:39.009545","","18.682354211412314","0.08245244622230528","ab","19.733731138148205",""
"ZTF22aajijjf","220.4169031","3.0067776","ztfi","59784.191365700215","8.443592797559932","1","ZTF","","","None","254040583","","2022-07-27T23:13:15.054078","","18.96340024451946","0.12858699262142181","ab","19.532293435593846",""
"ZTF22aajijjf","220.4169031","3.0067776","ztfi","59784.191365700215","8.443617259540744","1","ZTF","","","None","252654382","","2022-07-24T04:46:27.228432","","18.963362132970623","0.12858662009239194","ab","19.532258469532998",""
"ZTF22aajijjf","220.4169316","3.0067629","ztfg","59784.235752299894","9.063058067299455","1","ZTF","","","None","252860217","","2022-07-26T20:02:23.272937","","19.06030100277258","0.11979799717664717","ab","19.70606289828335",""
"ZTF22aajijjf","","","ztfr","59784.27092589997","","1","ZTF","","","None","252860218","","2022-07-26T20:02:23.273003","","","","ab","19.722900390625",""
"ZTF22aajijjf","220.416943","3.0067771","ztfg","59786.191469899844","6.791690907017221","1","ZTF","","","None","252860219","","2022-07-26T20:02:23.273027","","19.128513824664125","0.1598624289035797","ab","19.46103359568319",""
"ZTF22aajijjf","220.416943","3.0067771","ztfg","59786.191469899844","6.791709266091974","1","ZTF","","","None","254040581","","2022-07-27T23:13:14.852553","","19.128500329096504","0.15986199676990503","ab","19.461023035037886",""
"ZTF22aajijjf","220.4169187","3.0067535","ztfr","59786.26884259982","11.748611842998358","1","ZTF","","","None","254040582","","2022-07-27T23:13:14.852606","","18.76409960721577","0.0924139991402626","ab","19.691640985333322",""
"ZTF22aajijjf","220.4169338","3.0067745","ztfi","59787.1822453998","8.667594775187968","1","ZTF","","","None","254040584","","2022-07-27T23:13:15.054160","","19.189947400981353","0.12526383996009824","ab","19.787268887931276",""
"ZTF22aajijjf","220.4169338","3.0067745","ztfi","59787.1822453998","8.667583433306405","1","ZTF","","","None","256934354","","2022-07-30T04:49:41.668439","","19.189899689554885","0.1252640038728714","ab","19.787219755776242",""
"ZTF22aajijjf","220.4169878","3.0067877","ztfi","59790.19303240022","6.9538745134426705","1","ZTF","","","None","258651306","","2022-08-03T04:47:02.164537","","19.22250016101031","0.15613399446010587","ab","19.580642273497695",""
"ZTF22aajijjf","220.4169878","3.0067877","ztfi","59790.19303240022","6.953854603523235","1","ZTF","","","None","256934355","","2022-07-30T04:49:41.668494","","19.222482881051604","0.15613444149494168","ab","19.58062188491929",""
"ZTF22aajijjf","220.4169134","3.0067583","ztfr","59791.17971060006","9.958117262813845","1","ZTF","","","None","257646630","","2022-07-31T04:29:00.779300","","18.961149567248114","0.10903026908636092","ab","19.70916764652809",""
"ZTF22aajijjf","220.4169134","3.0067583","ztfr","59791.17971060006","9.958141760430722","1","ZTF","","","None","257703717","","2022-07-31T06:17:23.362945","","18.96109979209539","0.10903000086545943","ab","19.709120542353844",""
"ZTF22aajijjf","220.4169526","3.0068019","ztfg","59791.23481479986","7.371618622798401","1","ZTF","","","None","258651305","","2022-08-03T04:47:02.011709","","19.224599993939187","0.1472859978675842","ab","19.64608212939802",""
"ZTF22aajijjf","220.4169526","3.0068019","ztfg","59791.23481479986","7.371635776203984","1","ZTF","","","None","257703718","","2022-07-31T06:17:23.363010","","19.224598206735646","0.14728565514087674","ab","19.646082868647998",""
"ZTF22aajijjf","220.4168422","3.0067649","ztfi","59794.191388899926","5.5643884829692505","1","ZTF","","","None","258651307","","2022-08-03T04:47:02.164590","","19.328464660697264","0.19512228667736053","ab","19.44458325748874",""